Time_Interval,Activity,Dataset_Percent,Generated_Percent,Difference
Total (24 hours),,100.0,0.0,-100.0
From 00:00 to 00:09,,100.0,0.0,-100.0
From 00:10 to 00:19,,100.0,0.0,-100.0
From 00:20 to 00:29,,100.0,0.0,-100.0
From 00:30 to 00:39,,100.0,0.0,-100.0
From 00:40 to 00:49,,100.0,0.0,-100.0
From 00:50 to 00:59,,100.0,0.0,-100.0
From 01:00 to 01:09,,100.0,0.0,-100.0
From 01:10 to 01:19,,100.0,0.0,-100.0
From 01:20 to 01:29,,100.0,0.0,-100.0
From 01:30 to 01:39,,100.0,0.0,-100.0
From 01:40 to 01:49,,100.0,0.0,-100.0
From 01:50 to 01:59,,100.0,0.0,-100.0
From 02:00 to 02:09,,100.0,0.0,-100.0
From 02:10 to 02:19,,100.0,0.0,-100.0
From 02:20 to 02:29,,100.0,0.0,-100.0
From 02:30 to 02:39,,100.0,0.0,-100.0
From 02:40 to 02:49,,100.0,0.0,-100.0
From 02:50 to 02:59,,100.0,0.0,-100.0
From 03:00 to 03:09,,100.0,0.0,-100.0
From 03:10 to 03:19,,100.0,0.0,-100.0
From 03:20 to 03:29,,100.0,0.0,-100.0
From 03:30 to 03:39,,100.0,0.0,-100.0
From 03:40 to 03:49,,100.0,0.0,-100.0
From 03:50 to 03:59,,100.0,0.0,-100.0
From 04:00 to 04:09,,100.0,0.0,-100.0
From 04:10 to 04:19,,100.0,0.0,-100.0
From 04:20 to 04:29,,100.0,0.0,-100.0
From 04:30 to 04:39,,100.0,0.0,-100.0
From 04:40 to 04:49,,100.0,0.0,-100.0
From 04:50 to 04:59,,100.0,0.0,-100.0
From 05:00 to 05:09,,100.0,0.0,-100.0
From 05:10 to 05:19,,100.0,0.0,-100.0
From 05:20 to 05:29,,100.0,0.0,-100.0
From 05:30 to 05:39,,100.0,0.0,-100.0
From 05:40 to 05:49,,100.0,0.0,-100.0
From 05:50 to 05:59,,100.0,0.0,-100.0
From 06:00 to 06:09,,100.0,0.0,-100.0
From 06:10 to 06:19,,100.0,0.0,-100.0
From 06:20 to 06:29,,100.0,0.0,-100.0
From 06:30 to 06:39,,100.0,0.0,-100.0
From 06:40 to 06:49,,100.0,0.0,-100.0
From 06:50 to 06:59,,100.0,0.0,-100.0
From 07:00 to 07:09,,100.0,0.0,-100.0
From 07:10 to 07:19,,100.0,0.0,-100.0
From 07:20 to 07:29,,100.0,0.0,-100.0
From 07:30 to 07:39,,100.0,0.0,-100.0
From 07:40 to 07:49,,100.0,0.0,-100.0
From 07:50 to 07:59,,100.0,0.0,-100.0
From 08:00 to 08:09,,100.0,0.0,-100.0
From 08:10 to 08:19,,100.0,0.0,-100.0
From 08:20 to 08:29,,100.0,0.0,-100.0
From 08:30 to 08:39,,100.0,0.0,-100.0
From 08:40 to 08:49,,100.0,0.0,-100.0
From 08:50 to 08:59,,100.0,0.0,-100.0
From 09:00 to 09:09,,100.0,0.0,-100.0
From 09:10 to 09:19,,100.0,0.0,-100.0
From 09:20 to 09:29,,100.0,0.0,-100.0
From 09:30 to 09:39,,100.0,0.0,-100.0
From 09:40 to 09:49,,100.0,0.0,-100.0
From 09:50 to 09:59,,100.0,0.0,-100.0
From 10:00 to 10:09,,100.0,0.0,-100.0
From 10:10 to 10:19,,100.0,0.0,-100.0
From 10:20 to 10:29,,100.0,0.0,-100.0
From 10:30 to 10:39,,100.0,0.0,-100.0
From 10:40 to 10:49,,100.0,0.0,-100.0
From 10:50 to 10:59,,100.0,0.0,-100.0
From 11:00 to 11:09,,100.0,0.0,-100.0
From 11:10 to 11:19,,100.0,0.0,-100.0
From 11:20 to 11:29,,100.0,0.0,-100.0
From 11:30 to 11:39,,100.0,0.0,-100.0
From 11:40 to 11:49,,100.0,0.0,-100.0
From 11:50 to 11:59,,100.0,0.0,-100.0
From 12:00 to 12:09,,100.0,0.0,-100.0
From 12:10 to 12:19,,100.0,0.0,-100.0
From 12:20 to 12:29,,100.0,0.0,-100.0
From 12:30 to 12:39,,100.0,0.0,-100.0
From 12:40 to 12:49,,100.0,0.0,-100.0
From 12:50 to 12:59,,100.0,0.0,-100.0
From 13:00 to 13:09,,100.0,0.0,-100.0
From 13:10 to 13:19,,100.0,0.0,-100.0
From 13:20 to 13:29,,100.0,0.0,-100.0
From 13:30 to 13:39,,100.0,0.0,-100.0
From 13:40 to 13:49,,100.0,0.0,-100.0
From 13:50 to 13:59,,100.0,0.0,-100.0
From 14:00 to 14:09,,100.0,0.0,-100.0
From 14:10 to 14:19,,100.0,0.0,-100.0
From 14:20 to 14:29,,100.0,0.0,-100.0
From 14:30 to 14:39,,100.0,0.0,-100.0
From 14:40 to 14:49,,100.0,0.0,-100.0
From 14:50 to 14:59,,100.0,0.0,-100.0
From 15:00 to 15:09,,100.0,0.0,-100.0
From 15:10 to 15:19,,100.0,0.0,-100.0
From 15:20 to 15:29,,100.0,0.0,-100.0
From 15:30 to 15:39,,100.0,0.0,-100.0
From 15:40 to 15:49,,100.0,0.0,-100.0
From 15:50 to 15:59,,100.0,0.0,-100.0
From 16:00 to 16:09,,100.0,0.0,-100.0
From 16:10 to 16:19,,100.0,0.0,-100.0
From 16:20 to 16:29,,100.0,0.0,-100.0
From 16:30 to 16:39,,100.0,0.0,-100.0
From 16:40 to 16:49,,100.0,0.0,-100.0
From 16:50 to 16:59,,100.0,0.0,-100.0
From 17:00 to 17:09,,100.0,0.0,-100.0
From 17:10 to 17:19,,100.0,0.0,-100.0
From 17:20 to 17:29,,100.0,0.0,-100.0
From 17:30 to 17:39,,100.0,0.0,-100.0
From 17:40 to 17:49,,100.0,0.0,-100.0
From 17:50 to 17:59,,100.0,0.0,-100.0
From 18:00 to 18:09,,100.0,0.0,-100.0
From 18:10 to 18:19,,100.0,0.0,-100.0
From 18:20 to 18:29,,100.0,0.0,-100.0
From 18:30 to 18:39,,100.0,0.0,-100.0
From 18:40 to 18:49,,100.0,0.0,-100.0
From 18:50 to 18:59,,100.0,0.0,-100.0
From 19:00 to 19:09,,100.0,0.0,-100.0
From 19:10 to 19:19,,100.0,0.0,-100.0
From 19:20 to 19:29,,100.0,0.0,-100.0
From 19:30 to 19:39,,100.0,0.0,-100.0
From 19:40 to 19:49,,100.0,0.0,-100.0
From 19:50 to 19:59,,100.0,0.0,-100.0
From 20:00 to 20:09,,100.0,0.0,-100.0
From 20:10 to 20:19,,100.0,0.0,-100.0
From 20:20 to 20:29,,100.0,0.0,-100.0
From 20:30 to 20:39,,100.0,0.0,-100.0
From 20:40 to 20:49,,100.0,0.0,-100.0
From 20:50 to 20:59,,100.0,0.0,-100.0
From 21:00 to 21:09,,100.0,0.0,-100.0
From 21:10 to 21:19,,100.0,0.0,-100.0
From 21:20 to 21:29,,100.0,0.0,-100.0
From 21:30 to 21:39,,100.0,0.0,-100.0
From 21:40 to 21:49,,100.0,0.0,-100.0
From 21:50 to 21:59,,100.0,0.0,-100.0
From 22:00 to 22:09,,100.0,0.0,-100.0
From 22:10 to 22:19,,100.0,0.0,-100.0
From 22:20 to 22:29,,100.0,0.0,-100.0
From 22:30 to 22:39,,100.0,0.0,-100.0
From 22:40 to 22:49,,100.0,0.0,-100.0
From 22:50 to 22:59,,100.0,0.0,-100.0
From 23:00 to 23:09,,100.0,0.0,-100.0
From 23:10 to 23:19,,100.0,0.0,-100.0
From 23:20 to 23:29,,100.0,0.0,-100.0
From 23:30 to 23:39,,100.0,0.0,-100.0
From 23:40 to 23:49,,100.0,0.0,-100.0
From 23:50 to 23:59,,100.0,0.0,-100.0
Total (24 hours),Personal care except eating,39.2,0.0,-39.2
From 00:00 to 00:09,Personal care except eating,91.2,90.06,-1.1400000000000006
From 00:10 to 00:19,Personal care except eating,91.7,93.31,1.6099999999999994
From 00:20 to 00:29,Personal care except eating,92.3,92.61,0.3100000000000023
From 00:30 to 00:39,Personal care except eating,92.8,93.72,0.9200000000000017
From 00:40 to 00:49,Personal care except eating,93.3,91.03,-2.269999999999996
From 00:50 to 00:59,Personal care except eating,93.7,93.43,-0.269999999999996
From 01:00 to 01:09,Personal care except eating,94.4,95.41,1.009999999999991
From 01:10 to 01:19,Personal care except eating,94.7,95.7,1.0
From 01:20 to 01:29,Personal care except eating,94.8,95.28,0.480000000000004
From 01:30 to 01:39,Personal care except eating,95.2,95.09,-0.10999999999999943
From 01:40 to 01:49,Personal care except eating,95.3,96.22,0.9200000000000017
From 01:50 to 01:59,Personal care except eating,95.5,96.65,1.1500000000000057
From 02:00 to 02:09,Personal care except eating,96.0,96.09,0.09000000000000341
From 02:10 to 02:19,Personal care except eating,96.1,97.55,1.4500000000000028
From 02:20 to 02:29,Personal care except eating,96.2,95.97,-0.23000000000000398
From 02:30 to 02:39,Personal care except eating,96.4,97.43,1.0300000000000011
From 02:40 to 02:49,Personal care except eating,96.5,96.94,0.4399999999999977
From 02:50 to 02:59,Personal care except eating,96.6,97.21,0.6099999999999994
From 03:00 to 03:09,Personal care except eating,96.7,97.87,1.1700000000000017
From 03:10 to 03:19,Personal care except eating,96.8,97.38,0.5799999999999983
From 03:20 to 03:29,Personal care except eating,96.9,97.47,0.5699999999999932
From 03:30 to 03:39,Personal care except eating,96.9,96.28,-0.6200000000000045
From 03:40 to 03:49,Personal care except eating,96.9,96.3,-0.6000000000000085
From 03:50 to 03:59,Personal care except eating,96.9,96.7,-0.20000000000000284
From 04:00 to 04:09,Personal care except eating,96.9,97.61,0.7099999999999937
From 04:10 to 04:19,Personal care except eating,96.7,96.67999999999999,-0.020000000000010232
From 04:20 to 04:29,Personal care except eating,96.1,96.41999999999999,0.3199999999999932
From 04:30 to 04:39,Personal care except eating,95.5,95.8,0.29999999999999716
From 04:40 to 04:49,Personal care except eating,95.0,95.50999999999999,0.5099999999999909
From 04:50 to 04:59,Personal care except eating,94.2,95.08,0.8799999999999955
From 05:00 to 05:09,Personal care except eating,93.0,92.65,-0.3499999999999943
From 05:10 to 05:19,Personal care except eating,91.6,91.28,-0.3199999999999932
From 05:20 to 05:29,Personal care except eating,89.4,90.44,1.039999999999992
From 05:30 to 05:39,Personal care except eating,87.2,85.26,-1.9399999999999977
From 05:40 to 05:49,Personal care except eating,85.3,84.97,-0.3299999999999983
From 05:50 to 05:59,Personal care except eating,83.3,83.61,0.3100000000000023
From 06:00 to 06:09,Personal care except eating,79.8,79.12,-0.6799999999999926
From 06:10 to 06:19,Personal care except eating,76.6,77.01,0.4100000000000108
From 06:20 to 06:29,Personal care except eating,71.6,72.63,1.0300000000000011
From 06:30 to 06:39,Personal care except eating,67.2,67.72,0.519999999999996
From 06:40 to 06:49,Personal care except eating,63.8,63.83,0.030000000000001137
From 06:50 to 06:59,Personal care except eating,60.4,59.08,-1.3200000000000003
From 07:00 to 07:09,Personal care except eating,56.2,54.949999999999996,-1.250000000000007
From 07:10 to 07:19,Personal care except eating,52.5,53.76,1.259999999999998
From 07:20 to 07:29,Personal care except eating,48.0,47.4,-0.6000000000000014
From 07:30 to 07:39,Personal care except eating,43.8,43.54,-0.259999999999998
From 07:40 to 07:49,Personal care except eating,40.4,40.94,0.5399999999999991
From 07:50 to 07:59,Personal care except eating,38.0,34.78,-3.219999999999999
From 08:00 to 08:09,Personal care except eating,33.8,34.12,0.3200000000000003
From 08:10 to 08:19,Personal care except eating,31.3,29.54,-1.7600000000000016
From 08:20 to 08:29,Personal care except eating,27.6,26.58,-1.0200000000000031
From 08:30 to 08:39,Personal care except eating,24.0,21.29,-2.710000000000001
From 08:40 to 08:49,Personal care except eating,21.5,21.3,-0.1999999999999993
From 08:50 to 08:59,Personal care except eating,19.8,20.46,0.6600000000000001
From 09:00 to 09:09,Personal care except eating,18.1,16.96,-1.1400000000000006
From 09:10 to 09:19,Personal care except eating,16.7,15.06,-1.6399999999999988
From 09:20 to 09:29,Personal care except eating,14.9,14.26,-0.6400000000000006
From 09:30 to 09:39,Personal care except eating,13.2,13.29,0.08999999999999986
From 09:40 to 09:49,Personal care except eating,12.1,11.27,-0.8300000000000001
From 09:50 to 09:59,Personal care except eating,11.0,8.74,-2.26
From 10:00 to 10:09,Personal care except eating,10.0,7.380000000000001,-2.619999999999999
From 10:10 to 10:19,Personal care except eating,9.0,9.19,0.1899999999999995
From 10:20 to 10:29,Personal care except eating,8.0,7.340000000000001,-0.6599999999999993
From 10:30 to 10:39,Personal care except eating,7.3,6.35,-0.9500000000000002
From 10:40 to 10:49,Personal care except eating,6.7,6.529999999999999,-0.17000000000000082
From 10:50 to 10:59,Personal care except eating,6.3,5.63,-0.6699999999999999
From 11:00 to 11:09,Personal care except eating,5.8,5.65,-0.14999999999999947
From 11:10 to 11:19,Personal care except eating,5.4,3.17,-2.2300000000000004
From 11:20 to 11:29,Personal care except eating,5.0,4.78,-0.21999999999999975
From 11:30 to 11:39,Personal care except eating,4.7,3.81,-0.8900000000000001
From 11:40 to 11:49,Personal care except eating,4.3,4.35,0.04999999999999982
From 11:50 to 11:59,Personal care except eating,4.3,4.07,-0.22999999999999954
From 12:00 to 12:09,Personal care except eating,4.4,4.44,0.040000000000000036
From 12:10 to 12:19,Personal care except eating,4.1,4.37,0.27000000000000046
From 12:20 to 12:29,Personal care except eating,4.0,4.26,0.2599999999999998
From 12:30 to 12:39,Personal care except eating,3.9,3.35,-0.5499999999999998
From 12:40 to 12:49,Personal care except eating,4.0,3.16,-0.8399999999999999
From 12:50 to 12:59,Personal care except eating,4.1,3.2399999999999998,-0.8599999999999999
From 13:00 to 13:09,Personal care except eating,3.9,4.5600000000000005,0.6600000000000006
From 13:10 to 13:19,Personal care except eating,3.8,3.63,-0.16999999999999993
From 13:20 to 13:29,Personal care except eating,3.8,4.45,0.6500000000000004
From 13:30 to 13:39,Personal care except eating,3.9,3.52,-0.3799999999999999
From 13:40 to 13:49,Personal care except eating,4.0,3.6999999999999997,-0.30000000000000027
From 13:50 to 13:59,Personal care except eating,4.1,3.53,-0.5699999999999998
From 14:00 to 14:09,Personal care except eating,4.2,3.27,-0.9300000000000002
From 14:10 to 14:19,Personal care except eating,4.0,3.16,-0.8399999999999999
From 14:20 to 14:29,Personal care except eating,4.3,5.0,0.7000000000000002
From 14:30 to 14:39,Personal care except eating,4.5,4.35,-0.15000000000000036
From 14:40 to 14:49,Personal care except eating,4.7,4.08,-0.6200000000000001
From 14:50 to 14:59,Personal care except eating,4.7,4.08,-0.6200000000000001
From 15:00 to 15:09,Personal care except eating,4.4,4.18,-0.22000000000000064
From 15:10 to 15:19,Personal care except eating,4.5,4.41,-0.08999999999999986
From 15:20 to 15:29,Personal care except eating,4.5,3.62,-0.8799999999999999
From 15:30 to 15:39,Personal care except eating,4.7,3.9800000000000004,-0.7199999999999998
From 15:40 to 15:49,Personal care except eating,4.6,3.08,-1.5199999999999996
From 15:50 to 15:59,Personal care except eating,4.6,2.64,-1.9599999999999995
From 16:00 to 16:09,Personal care except eating,4.7,5.140000000000001,0.4400000000000004
From 16:10 to 16:19,Personal care except eating,4.6,4.17,-0.4299999999999997
From 16:20 to 16:29,Personal care except eating,4.5,3.81,-0.69
From 16:30 to 16:39,Personal care except eating,4.4,4.17,-0.23000000000000043
From 16:40 to 16:49,Personal care except eating,4.2,3.8,-0.40000000000000036
From 16:50 to 16:59,Personal care except eating,3.9,3.08,-0.8199999999999998
From 17:00 to 17:09,Personal care except eating,3.7,3.35,-0.3500000000000001
From 17:10 to 17:19,Personal care except eating,3.6,3.0700000000000003,-0.5299999999999998
From 17:20 to 17:29,Personal care except eating,3.7,3.61,-0.0900000000000003
From 17:30 to 17:39,Personal care except eating,3.6,2.88,-0.7200000000000002
From 17:40 to 17:49,Personal care except eating,3.5,2.27,-1.23
From 17:50 to 17:59,Personal care except eating,3.6,2.79,-0.81
From 18:00 to 18:09,Personal care except eating,4.0,3.9800000000000004,-0.019999999999999574
From 18:10 to 18:19,Personal care except eating,3.8,3.1,-0.6999999999999997
From 18:20 to 18:29,Personal care except eating,3.7,3.25,-0.4500000000000002
From 18:30 to 18:39,Personal care except eating,4.1,3.45,-0.6499999999999995
From 18:40 to 18:49,Personal care except eating,4.2,3.53,-0.6700000000000004
From 18:50 to 18:59,Personal care except eating,4.3,3.9699999999999998,-0.33000000000000007
From 19:00 to 19:09,Personal care except eating,5.4,4.19,-1.21
From 19:10 to 19:19,Personal care except eating,5.4,4.44,-0.96
From 19:20 to 19:29,Personal care except eating,5.3,5.08,-0.21999999999999975
From 19:30 to 19:39,Personal care except eating,5.7,4.53,-1.17
From 19:40 to 19:49,Personal care except eating,6.1,6.0,-0.09999999999999964
From 19:50 to 19:59,Personal care except eating,7.2,6.74,-0.45999999999999996
From 20:00 to 20:09,Personal care except eating,10.1,8.200000000000001,-1.8999999999999986
From 20:10 to 20:19,Personal care except eating,10.0,9.09,-0.9100000000000001
From 20:20 to 20:29,Personal care except eating,9.6,7.449999999999999,-2.1500000000000004
From 20:30 to 20:39,Personal care except eating,9.8,9.0,-0.8000000000000007
From 20:40 to 20:49,Personal care except eating,10.2,9.0,-1.1999999999999993
From 20:50 to 20:59,Personal care except eating,11.6,9.26,-2.34
From 21:00 to 21:09,Personal care except eating,17.1,16.27,-0.8300000000000018
From 21:10 to 21:19,Personal care except eating,17.9,15.17,-2.7299999999999986
From 21:20 to 21:29,Personal care except eating,19.4,18.310000000000002,-1.0899999999999963
From 21:30 to 21:39,Personal care except eating,22.6,20.53,-2.0700000000000003
From 21:40 to 21:49,Personal care except eating,25.7,22.689999999999998,-3.0100000000000016
From 21:50 to 21:59,Personal care except eating,30.8,31.03,0.23000000000000043
From 22:00 to 22:09,Personal care except eating,50.2,49.15,-1.0500000000000043
From 22:10 to 22:19,Personal care except eating,51.9,52.56999999999999,0.6699999999999946
From 22:20 to 22:29,Personal care except eating,54.4,52.33,-2.0700000000000003
From 22:30 to 22:39,Personal care except eating,59.3,59.34,0.04000000000000625
From 22:40 to 22:49,Personal care except eating,62.3,65.06,2.760000000000005
From 22:50 to 22:59,Personal care except eating,65.5,66.86,1.3599999999999994
From 23:00 to 23:09,Personal care except eating,76.1,76.55,0.45000000000000284
From 23:10 to 23:19,Personal care except eating,78.4,80.36999999999999,1.9699999999999847
From 23:20 to 23:29,Personal care except eating,80.5,82.0,1.5
From 23:30 to 23:39,Personal care except eating,83.2,83.37,0.1700000000000017
From 23:40 to 23:49,Personal care except eating,85.0,85.16,0.1599999999999966
From 23:50 to 23:59,Personal care except eating,87.0,80.55,-6.450000000000003
Total (24 hours),Eating,6.5,0.0,-6.5
From 00:00 to 00:09,Eating,0.2,0.27,0.07
From 00:10 to 00:19,Eating,0.3,0.09,-0.21
From 00:20 to 00:29,Eating,0.3,0.0,-0.3
From 00:30 to 00:39,Eating,0.2,0.44999999999999996,0.24999999999999994
From 00:40 to 00:49,Eating,0.2,0.18,-0.020000000000000018
From 00:50 to 00:59,Eating,0.2,0.18,-0.020000000000000018
From 01:00 to 01:09,Eating,0.2,0.18,-0.020000000000000018
From 01:10 to 01:19,Eating,0.2,0.09,-0.11000000000000001
From 01:20 to 01:29,Eating,0.2,0.36,0.15999999999999998
From 01:30 to 01:39,Eating,0.2,0.09,-0.11000000000000001
From 01:40 to 01:49,Eating,0.2,0.18,-0.020000000000000018
From 01:50 to 01:59,Eating,0.2,0.18,-0.020000000000000018
From 02:00 to 02:09,Eating,0.1,0.09,-0.010000000000000009
From 02:10 to 02:19,Eating,0.1,0.0,-0.1
From 02:20 to 02:29,Eating,0.1,0.09,-0.010000000000000009
From 02:30 to 02:39,Eating,0.1,0.18,0.07999999999999999
From 02:40 to 02:49,Eating,0.1,0.09,-0.010000000000000009
From 02:50 to 02:59,Eating,0.0,0.0,0.0
From 03:00 to 03:09,Eating,0.0,0.0,0.0
From 03:10 to 03:19,Eating,0.0,0.0,0.0
From 03:20 to 03:29,Eating,0.1,0.0,-0.1
From 03:30 to 03:39,Eating,0.1,0.18,0.07999999999999999
From 03:40 to 03:49,Eating,0.1,0.0,-0.1
From 03:50 to 03:59,Eating,0.1,0.18,0.07999999999999999
From 04:00 to 04:09,Eating,0.1,0.0,-0.1
From 04:10 to 04:19,Eating,0.2,0.0,-0.2
From 04:20 to 04:29,Eating,0.4,0.18,-0.22000000000000003
From 04:30 to 04:39,Eating,0.6,0.44999999999999996,-0.15000000000000002
From 04:40 to 04:49,Eating,0.6,0.72,0.12
From 04:50 to 04:59,Eating,0.8,0.44999999999999996,-0.3500000000000001
From 05:00 to 05:09,Eating,1.0,0.72,-0.28
From 05:10 to 05:19,Eating,1.3,1.08,-0.21999999999999997
From 05:20 to 05:29,Eating,1.9,1.9,0.0
From 05:30 to 05:39,Eating,2.0,2.53,0.5299999999999998
From 05:40 to 05:49,Eating,2.0,1.18,-0.8200000000000001
From 05:50 to 05:59,Eating,2.1,1.6199999999999999,-0.4800000000000002
From 06:00 to 06:09,Eating,2.4,2.4299999999999997,0.029999999999999805
From 06:10 to 06:19,Eating,3.3,2.1,-1.1999999999999997
From 06:20 to 06:29,Eating,5.1,4.35,-0.75
From 06:30 to 06:39,Eating,6.1,4.16,-1.9399999999999995
From 06:40 to 06:49,Eating,6.0,5.1499999999999995,-0.8500000000000005
From 06:50 to 06:59,Eating,6.0,4.9799999999999995,-1.0200000000000005
From 07:00 to 07:09,Eating,6.3,4.7,-1.5999999999999996
From 07:10 to 07:19,Eating,7.3,6.21,-1.0899999999999999
From 07:20 to 07:29,Eating,8.5,7.33,-1.17
From 07:30 to 07:39,Eating,8.7,8.83,0.13000000000000078
From 07:40 to 07:49,Eating,8.8,6.76,-2.040000000000001
From 07:50 to 07:59,Eating,9.2,8.450000000000001,-0.7499999999999982
From 08:00 to 08:09,Eating,9.1,7.4399999999999995,-1.6600000000000001
From 08:10 to 08:19,Eating,9.9,8.02,-1.8800000000000008
From 08:20 to 08:29,Eating,10.6,10.979999999999999,0.379999999999999
From 08:30 to 08:39,Eating,11.3,11.77,0.46999999999999886
From 08:40 to 08:49,Eating,11.4,12.44,1.0399999999999991
From 08:50 to 08:59,Eating,10.9,8.790000000000001,-2.1099999999999994
From 09:00 to 09:09,Eating,10.2,10.01,-0.1899999999999995
From 09:10 to 09:19,Eating,9.9,9.51,-0.39000000000000057
From 09:20 to 09:29,Eating,9.6,9.17,-0.4299999999999997
From 09:30 to 09:39,Eating,8.8,9.700000000000001,0.9000000000000004
From 09:40 to 09:49,Eating,8.4,8.18,-0.22000000000000064
From 09:50 to 09:59,Eating,8.1,6.959999999999999,-1.1400000000000006
From 10:00 to 10:09,Eating,7.5,6.18,-1.3200000000000003
From 10:10 to 10:19,Eating,7.5,5.88,-1.62
From 10:20 to 10:29,Eating,6.9,4.92,-1.9800000000000004
From 10:30 to 10:39,Eating,5.9,5.18,-0.7200000000000006
From 10:40 to 10:49,Eating,5.6,5.65,0.05000000000000071
From 10:50 to 10:59,Eating,5.1,4.64,-0.45999999999999996
From 11:00 to 11:09,Eating,4.5,4.45,-0.04999999999999982
From 11:10 to 11:19,Eating,4.4,5.56,1.1599999999999993
From 11:20 to 11:29,Eating,4.1,3.9,-0.19999999999999973
From 11:30 to 11:39,Eating,3.9,2.9899999999999998,-0.9100000000000001
From 11:40 to 11:49,Eating,4.0,3.54,-0.45999999999999996
From 11:50 to 11:59,Eating,4.8,4.35,-0.4500000000000002
From 12:00 to 12:09,Eating,7.6,6.45,-1.1499999999999995
From 12:10 to 12:19,Eating,8.1,6.950000000000001,-1.1499999999999986
From 12:20 to 12:29,Eating,7.6,6.7,-0.8999999999999995
From 12:30 to 12:39,Eating,7.4,5.24,-2.16
From 12:40 to 12:49,Eating,7.5,5.970000000000001,-1.5299999999999994
From 12:50 to 12:59,Eating,8.3,7.3999999999999995,-0.9000000000000012
From 13:00 to 13:09,Eating,13.0,12.790000000000001,-0.20999999999999908
From 13:10 to 13:19,Eating,13.6,11.790000000000001,-1.8099999999999987
From 13:20 to 13:29,Eating,13.1,12.379999999999999,-0.7200000000000006
From 13:30 to 13:39,Eating,11.8,11.09,-0.7100000000000009
From 13:40 to 13:49,Eating,10.9,10.2,-0.7000000000000011
From 13:50 to 13:59,Eating,11.9,9.36,-2.540000000000001
From 14:00 to 14:09,Eating,15.6,17.16,1.5600000000000005
From 14:10 to 14:19,Eating,15.9,16.520000000000003,0.6200000000000028
From 14:20 to 14:29,Eating,14.8,14.530000000000001,-0.2699999999999996
From 14:30 to 14:39,Eating,12.9,11.92,-0.9800000000000004
From 14:40 to 14:49,Eating,11.8,10.97,-0.8300000000000001
From 14:50 to 14:59,Eating,11.5,8.88,-2.619999999999999
From 15:00 to 15:09,Eating,11.8,10.84,-0.9600000000000009
From 15:10 to 15:19,Eating,11.9,11.08,-0.8200000000000003
From 15:20 to 15:29,Eating,11.8,11.66,-0.14000000000000057
From 15:30 to 15:39,Eating,11.3,9.81,-1.4900000000000002
From 15:40 to 15:49,Eating,10.7,9.53,-1.17
From 15:50 to 15:59,Eating,10.9,10.61,-0.2900000000000009
From 16:00 to 16:09,Eating,10.5,10.6,0.09999999999999964
From 16:10 to 16:19,Eating,10.8,10.27,-0.5300000000000011
From 16:20 to 16:29,Eating,10.4,7.95,-2.45
From 16:30 to 16:39,Eating,9.4,9.08,-0.3200000000000003
From 16:40 to 16:49,Eating,9.4,7.55,-1.8500000000000005
From 16:50 to 16:59,Eating,9.1,8.25,-0.8499999999999996
From 17:00 to 17:09,Eating,9.3,9.4,0.09999999999999964
From 17:10 to 17:19,Eating,9.4,8.28,-1.120000000000001
From 17:20 to 17:29,Eating,9.1,9.29,0.1899999999999995
From 17:30 to 17:39,Eating,9.0,8.08,-0.9199999999999999
From 17:40 to 17:49,Eating,8.8,8.58,-0.22000000000000064
From 17:50 to 17:59,Eating,9.5,9.47,-0.02999999999999936
From 18:00 to 18:09,Eating,12.9,12.950000000000001,0.05000000000000071
From 18:10 to 18:19,Eating,14.1,13.96,-0.1399999999999988
From 18:20 to 18:29,Eating,14.6,13.43,-1.17
From 18:30 to 18:39,Eating,14.3,13.059999999999999,-1.240000000000002
From 18:40 to 18:49,Eating,13.9,13.270000000000001,-0.629999999999999
From 18:50 to 18:59,Eating,14.8,14.35,-0.45000000000000107
From 19:00 to 19:09,Eating,17.8,16.520000000000003,-1.2799999999999976
From 19:10 to 19:19,Eating,18.5,17.34,-1.1600000000000001
From 19:20 to 19:29,Eating,17.7,15.17,-2.5299999999999994
From 19:30 to 19:39,Eating,14.9,13.669999999999998,-1.2300000000000022
From 19:40 to 19:49,Eating,13.9,12.58,-1.3200000000000003
From 19:50 to 19:59,Eating,12.9,12.809999999999999,-0.09000000000000163
From 20:00 to 20:09,Eating,10.7,8.3,-2.3999999999999986
From 20:10 to 20:19,Eating,11.0,9.5,-1.5
From 20:20 to 20:29,Eating,9.8,7.89,-1.910000000000001
From 20:30 to 20:39,Eating,7.9,6.800000000000001,-1.0999999999999996
From 20:40 to 20:49,Eating,6.7,5.17,-1.5300000000000002
From 20:50 to 20:59,Eating,5.7,4.89,-0.8100000000000005
From 21:00 to 21:09,Eating,4.9,3.52,-1.3800000000000003
From 21:10 to 21:19,Eating,4.6,3.74,-0.8599999999999994
From 21:20 to 21:29,Eating,4.1,3.44,-0.6599999999999997
From 21:30 to 21:39,Eating,3.4,2.44,-0.96
From 21:40 to 21:49,Eating,3.1,2.52,-0.5800000000000001
From 21:50 to 21:59,Eating,2.7,2.34,-0.3600000000000003
From 22:00 to 22:09,Eating,2.2,1.9800000000000002,-0.21999999999999997
From 22:10 to 22:19,Eating,2.0,1.26,-0.74
From 22:20 to 22:29,Eating,1.7,1.53,-0.16999999999999993
From 22:30 to 22:39,Eating,1.6,1.35,-0.25
From 22:40 to 22:49,Eating,1.4,0.9900000000000001,-0.4099999999999998
From 22:50 to 22:59,Eating,1.2,0.72,-0.48
From 23:00 to 23:09,Eating,0.9,0.8099999999999999,-0.09000000000000008
From 23:10 to 23:19,Eating,0.8,0.8099999999999999,0.009999999999999898
From 23:20 to 23:29,Eating,0.7,0.72,0.020000000000000018
From 23:30 to 23:39,Eating,0.5,0.63,0.13
From 23:40 to 23:49,Eating,0.5,0.44999999999999996,-0.050000000000000044
From 23:50 to 23:59,Eating,0.4,0.44999999999999996,0.04999999999999993
Total (24 hours),Work and study,17.4,0.0,-17.4
From 00:00 to 00:09,Work and study,2.7,2.07,-0.6300000000000003
From 00:10 to 00:19,Work and study,2.7,1.72,-0.9800000000000002
From 00:20 to 00:29,Work and study,2.7,2.34,-0.3600000000000003
From 00:30 to 00:39,Work and study,2.6,1.73,-0.8700000000000001
From 00:40 to 00:49,Work and study,2.6,3.18,0.5800000000000001
From 00:50 to 00:59,Work and study,2.6,2.62,0.020000000000000018
From 01:00 to 01:09,Work and study,2.5,1.7999999999999998,-0.7000000000000002
From 01:10 to 01:19,Work and study,2.4,1.17,-1.23
From 01:20 to 01:29,Work and study,2.4,1.55,-0.8499999999999999
From 01:30 to 01:39,Work and study,2.4,2.45,0.050000000000000266
From 01:40 to 01:49,Work and study,2.4,1.53,-0.8699999999999999
From 01:50 to 01:59,Work and study,2.4,1.35,-1.0499999999999998
From 02:00 to 02:09,Work and study,2.4,2.07,-0.33000000000000007
From 02:10 to 02:19,Work and study,2.3,1.01,-1.2899999999999998
From 02:20 to 02:29,Work and study,2.3,2.25,-0.04999999999999982
From 02:30 to 02:39,Work and study,2.3,1.27,-1.0299999999999998
From 02:40 to 02:49,Work and study,2.3,1.7999999999999998,-0.5
From 02:50 to 02:59,Work and study,2.3,1.44,-0.8599999999999999
From 03:00 to 03:09,Work and study,2.2,1.4500000000000002,-0.75
From 03:10 to 03:19,Work and study,2.2,1.6199999999999999,-0.5800000000000003
From 03:20 to 03:29,Work and study,2.2,1.18,-1.0200000000000002
From 03:30 to 03:39,Work and study,2.2,2.09,-0.11000000000000032
From 03:40 to 03:49,Work and study,2.2,2.53,0.3299999999999996
From 03:50 to 03:59,Work and study,2.2,2.08,-0.1200000000000001
From 04:00 to 04:09,Work and study,2.1,1.44,-0.6600000000000001
From 04:10 to 04:19,Work and study,2.1,1.8900000000000001,-0.20999999999999996
From 04:20 to 04:29,Work and study,2.2,2.07,-0.13000000000000034
From 04:30 to 04:39,Work and study,2.3,1.9,-0.3999999999999999
From 04:40 to 04:49,Work and study,2.3,1.6199999999999999,-0.6799999999999999
From 04:50 to 04:59,Work and study,2.5,1.83,-0.6699999999999999
From 05:00 to 05:09,Work and study,2.8,2.64,-0.1599999999999997
From 05:10 to 05:19,Work and study,3.0,2.44,-0.56
From 05:20 to 05:29,Work and study,3.3,1.9,-1.4
From 05:30 to 05:39,Work and study,3.8,3.15,-0.6499999999999999
From 05:40 to 05:49,Work and study,4.5,4.07,-0.4299999999999997
From 05:50 to 05:59,Work and study,6.1,5.65,-0.4499999999999993
From 06:00 to 06:09,Work and study,9.7,8.17,-1.5299999999999994
From 06:10 to 06:19,Work and study,10.0,8.4,-1.5999999999999996
From 06:20 to 06:29,Work and study,10.6,9.370000000000001,-1.2299999999999986
From 06:30 to 06:39,Work and study,11.6,9.629999999999999,-1.9700000000000006
From 06:40 to 06:49,Work and study,12.5,10.979999999999999,-1.5200000000000014
From 06:50 to 06:59,Work and study,14.5,13.99,-0.5099999999999998
From 07:00 to 07:09,Work and study,20.6,18.790000000000003,-1.8099999999999987
From 07:10 to 07:19,Work and study,21.4,18.26,-3.139999999999997
From 07:20 to 07:29,Work and study,22.3,20.26,-2.039999999999999
From 07:30 to 07:39,Work and study,23.9,20.349999999999998,-3.5500000000000007
From 07:40 to 07:49,Work and study,24.7,20.97,-3.7300000000000004
From 07:50 to 07:59,Work and study,27.0,25.1,-1.8999999999999986
From 08:00 to 08:09,Work and study,32.2,29.84,-2.360000000000003
From 08:10 to 08:19,Work and study,33.0,30.259999999999998,-2.740000000000002
From 08:20 to 08:29,Work and study,33.7,31.03,-2.6700000000000017
From 08:30 to 08:39,Work and study,34.6,32.06,-2.539999999999999
From 08:40 to 08:49,Work and study,35.2,30.28,-4.920000000000002
From 08:50 to 08:59,Work and study,35.6,33.98,-1.6200000000000045
From 09:00 to 09:09,Work and study,36.7,34.14,-2.5600000000000023
From 09:10 to 09:19,Work and study,37.0,35.04,-1.9600000000000009
From 09:20 to 09:29,Work and study,37.4,36.79,-0.6099999999999994
From 09:30 to 09:39,Work and study,37.8,34.58,-3.219999999999999
From 09:40 to 09:49,Work and study,38.0,35.56,-2.4399999999999977
From 09:50 to 09:59,Work and study,38.3,37.53,-0.769999999999996
From 10:00 to 10:09,Work and study,38.4,36.85,-1.5499999999999972
From 10:10 to 10:19,Work and study,38.7,37.0,-1.7000000000000028
From 10:20 to 10:29,Work and study,39.0,38.4,-0.6000000000000014
From 10:30 to 10:39,Work and study,39.3,39.44,0.14000000000000057
From 10:40 to 10:49,Work and study,39.5,39.18,-0.3200000000000003
From 10:50 to 10:59,Work and study,39.7,38.78,-0.9200000000000017
From 11:00 to 11:09,Work and study,39.8,40.510000000000005,0.710000000000008
From 11:10 to 11:19,Work and study,39.9,38.49,-1.4099999999999966
From 11:20 to 11:29,Work and study,40.0,38.42,-1.5799999999999983
From 11:30 to 11:39,Work and study,40.0,37.730000000000004,-2.269999999999996
From 11:40 to 11:49,Work and study,40.0,37.330000000000005,-2.6699999999999946
From 11:50 to 11:59,Work and study,39.8,37.61,-2.1899999999999977
From 12:00 to 12:09,Work and study,38.5,37.32,-1.1799999999999997
From 12:10 to 12:19,Work and study,38.5,36.95,-1.5499999999999972
From 12:20 to 12:29,Work and study,38.6,34.77,-3.8299999999999983
From 12:30 to 12:39,Work and study,38.8,37.2,-1.5999999999999943
From 12:40 to 12:49,Work and study,38.7,38.83,0.12999999999999545
From 12:50 to 12:59,Work and study,38.7,37.38,-1.3200000000000003
From 13:00 to 13:09,Work and study,37.7,34.5,-3.200000000000003
From 13:10 to 13:19,Work and study,37.6,36.65,-0.9500000000000028
From 13:20 to 13:29,Work and study,37.7,34.72,-2.980000000000004
From 13:30 to 13:39,Work and study,37.7,35.97,-1.730000000000004
From 13:40 to 13:49,Work and study,37.9,34.44,-3.460000000000001
From 13:50 to 13:59,Work and study,37.8,37.99,0.19000000000000483
From 14:00 to 14:09,Work and study,34.0,32.7,-1.2999999999999972
From 14:10 to 14:19,Work and study,33.3,31.55,-1.7499999999999964
From 14:20 to 14:29,Work and study,33.0,30.580000000000002,-2.419999999999998
From 14:30 to 14:39,Work and study,32.7,30.130000000000003,-2.5700000000000003
From 14:40 to 14:49,Work and study,32.6,29.459999999999997,-3.140000000000004
From 14:50 to 14:59,Work and study,32.4,30.79,-1.6099999999999994
From 15:00 to 15:09,Work and study,28.3,25.61,-2.6900000000000013
From 15:10 to 15:19,Work and study,27.4,28.09,0.6900000000000013
From 15:20 to 15:29,Work and study,27.0,26.25,-0.75
From 15:30 to 15:39,Work and study,25.7,26.33,0.629999999999999
From 15:40 to 15:49,Work and study,25.6,23.03,-2.5700000000000003
From 15:50 to 15:59,Work and study,25.3,23.9,-1.4000000000000021
From 16:00 to 16:09,Work and study,21.3,19.06,-2.240000000000002
From 16:10 to 16:19,Work and study,20.8,18.6,-2.1999999999999993
From 16:20 to 16:29,Work and study,20.8,21.05,0.25
From 16:30 to 16:39,Work and study,20.5,16.82,-3.6799999999999997
From 16:40 to 16:49,Work and study,20.3,17.73,-2.5700000000000003
From 16:50 to 16:59,Work and study,20.0,18.91,-1.0899999999999999
From 17:00 to 17:09,Work and study,17.7,14.81,-2.889999999999999
From 17:10 to 17:19,Work and study,17.3,15.45,-1.8500000000000014
From 17:20 to 17:29,Work and study,17.3,15.28,-2.0200000000000014
From 17:30 to 17:39,Work and study,16.9,16.14,-0.759999999999998
From 17:40 to 17:49,Work and study,16.7,15.75,-0.9499999999999993
From 17:50 to 17:59,Work and study,16.4,16.5,0.10000000000000142
From 18:00 to 18:09,Work and study,13.3,11.77,-1.5300000000000011
From 18:10 to 18:19,Work and study,13.0,13.089999999999998,0.08999999999999808
From 18:20 to 18:29,Work and study,12.9,13.44,0.5399999999999991
From 18:30 to 18:39,Work and study,12.6,11.3,-1.299999999999999
From 18:40 to 18:49,Work and study,12.5,11.940000000000001,-0.5599999999999987
From 18:50 to 18:59,Work and study,12.1,10.11,-1.9900000000000002
From 19:00 to 19:09,Work and study,10.3,9.19,-1.1100000000000012
From 19:10 to 19:19,Work and study,10.1,10.83,0.7300000000000004
From 19:20 to 19:29,Work and study,10.0,9.68,-0.3200000000000003
From 19:30 to 19:39,Work and study,9.4,9.04,-0.3600000000000012
From 19:40 to 19:49,Work and study,9.2,7.6499999999999995,-1.5499999999999998
From 19:50 to 19:59,Work and study,8.8,8.48,-0.3200000000000003
From 20:00 to 20:09,Work and study,7.2,6.710000000000001,-0.4899999999999993
From 20:10 to 20:19,Work and study,7.2,4.99,-2.21
From 20:20 to 20:29,Work and study,7.0,5.71,-1.29
From 20:30 to 20:39,Work and study,6.8,5.6000000000000005,-1.1999999999999993
From 20:40 to 20:49,Work and study,6.7,5.74,-0.96
From 20:50 to 20:59,Work and study,6.6,7.19,0.5900000000000007
From 21:00 to 21:09,Work and study,6.0,4.63,-1.37
From 21:10 to 21:19,Work and study,5.8,5.53,-0.2699999999999996
From 21:20 to 21:29,Work and study,5.8,5.21,-0.5899999999999999
From 21:30 to 21:39,Work and study,5.7,6.529999999999999,0.8299999999999992
From 21:40 to 21:49,Work and study,5.7,4.97,-0.7300000000000004
From 21:50 to 21:59,Work and study,5.7,5.4399999999999995,-0.2600000000000007
From 22:00 to 22:09,Work and study,4.5,3.53,-0.9700000000000002
From 22:10 to 22:19,Work and study,4.2,3.9699999999999998,-0.23000000000000043
From 22:20 to 22:29,Work and study,4.0,3.5999999999999996,-0.40000000000000036
From 22:30 to 22:39,Work and study,3.9,2.52,-1.38
From 22:40 to 22:49,Work and study,3.9,3.7199999999999998,-0.18000000000000016
From 22:50 to 22:59,Work and study,3.9,2.97,-0.9299999999999997
From 23:00 to 23:09,Work and study,3.3,1.6199999999999999,-1.68
From 23:10 to 23:19,Work and study,3.2,2.79,-0.41000000000000014
From 23:20 to 23:29,Work and study,3.1,2.36,-0.7400000000000002
From 23:30 to 23:39,Work and study,3.0,2.7,-0.2999999999999998
From 23:40 to 23:49,Work and study,3.0,2.08,-0.9199999999999999
From 23:50 to 23:59,Work and study,2.9,2.07,-0.8300000000000001
Total (24 hours),Household and family care and related travel,12.6,0.0,-12.6
From 00:00 to 00:09,Household and family care and related travel,0.8,0.8999999999999999,0.09999999999999987
From 00:10 to 00:19,Household and family care and related travel,0.6,0.18,-0.42
From 00:20 to 00:29,Household and family care and related travel,0.5,0.54,0.040000000000000036
From 00:30 to 00:39,Household and family care and related travel,0.4,0.09,-0.31000000000000005
From 00:40 to 00:49,Household and family care and related travel,0.4,0.54,0.14
From 00:50 to 00:59,Household and family care and related travel,0.4,0.44999999999999996,0.04999999999999993
From 01:00 to 01:09,Household and family care and related travel,0.5,0.54,0.040000000000000036
From 01:10 to 01:19,Household and family care and related travel,0.4,0.09,-0.31000000000000005
From 01:20 to 01:29,Household and family care and related travel,0.4,0.36,-0.040000000000000036
From 01:30 to 01:39,Household and family care and related travel,0.4,0.18,-0.22000000000000003
From 01:40 to 01:49,Household and family care and related travel,0.3,0.0,-0.3
From 01:50 to 01:59,Household and family care and related travel,0.3,0.09,-0.21
From 02:00 to 02:09,Household and family care and related travel,0.4,0.27,-0.13
From 02:10 to 02:19,Household and family care and related travel,0.4,0.27,-0.13
From 02:20 to 02:29,Household and family care and related travel,0.3,0.09,-0.21
From 02:30 to 02:39,Household and family care and related travel,0.3,0.27,-0.02999999999999997
From 02:40 to 02:49,Household and family care and related travel,0.3,0.18,-0.12
From 02:50 to 02:59,Household and family care and related travel,0.3,0.0,-0.3
From 03:00 to 03:09,Household and family care and related travel,0.3,0.09,-0.21
From 03:10 to 03:19,Household and family care and related travel,0.3,0.09,-0.21
From 03:20 to 03:29,Household and family care and related travel,0.3,0.44999999999999996,0.14999999999999997
From 03:30 to 03:39,Household and family care and related travel,0.2,0.27,0.07
From 03:40 to 03:49,Household and family care and related travel,0.2,0.09,-0.11000000000000001
From 03:50 to 03:59,Household and family care and related travel,0.2,0.36,0.15999999999999998
From 04:00 to 04:09,Household and family care and related travel,0.2,0.09,-0.11000000000000001
From 04:10 to 04:19,Household and family care and related travel,0.3,0.09,-0.21
From 04:20 to 04:29,Household and family care and related travel,0.4,0.36,-0.040000000000000036
From 04:30 to 04:39,Household and family care and related travel,0.6,0.54,-0.05999999999999994
From 04:40 to 04:49,Household and family care and related travel,0.7,0.44999999999999996,-0.25
From 04:50 to 04:59,Household and family care and related travel,0.7,0.18,-0.52
From 05:00 to 05:09,Household and family care and related travel,1.1,0.72,-0.3800000000000001
From 05:10 to 05:19,Household and family care and related travel,1.4,1.26,-0.1399999999999999
From 05:20 to 05:29,Household and family care and related travel,1.6,0.9900000000000001,-0.61
From 05:30 to 05:39,Household and family care and related travel,1.8,1.81,0.010000000000000009
From 05:40 to 05:49,Household and family care and related travel,1.9,2.36,0.45999999999999996
From 05:50 to 05:59,Household and family care and related travel,2.2,1.17,-1.0300000000000002
From 06:00 to 06:09,Household and family care and related travel,3.1,2.9000000000000004,-0.19999999999999973
From 06:10 to 06:19,Household and family care and related travel,3.9,3.64,-0.2599999999999998
From 06:20 to 06:29,Household and family care and related travel,5.2,3.7900000000000005,-1.4099999999999997
From 06:30 to 06:39,Household and family care and related travel,5.9,5.37,-0.5300000000000002
From 06:40 to 06:49,Household and family care and related travel,6.2,5.63,-0.5700000000000003
From 06:50 to 06:59,Household and family care and related travel,6.9,5.3,-1.6000000000000005
From 07:00 to 07:09,Household and family care and related travel,7.8,7.739999999999999,-0.0600000000000005
From 07:10 to 07:19,Household and family care and related travel,8.8,7.969999999999999,-0.8300000000000018
From 07:20 to 07:29,Household and family care and related travel,10.1,8.77,-1.33
From 07:30 to 07:39,Household and family care and related travel,11.4,10.34,-1.0600000000000005
From 07:40 to 07:49,Household and family care and related travel,12.5,12.920000000000002,0.4200000000000017
From 07:50 to 07:59,Household and family care and related travel,12.9,13.54,0.6399999999999988
From 08:00 to 08:09,Household and family care and related travel,14.3,12.67,-1.6300000000000008
From 08:10 to 08:19,Household and family care and related travel,14.9,15.32,0.41999999999999993
From 08:20 to 08:29,Household and family care and related travel,16.3,13.950000000000001,-2.3499999999999996
From 08:30 to 08:39,Household and family care and related travel,17.6,16.75,-0.8500000000000014
From 08:40 to 08:49,Household and family care and related travel,18.3,16.900000000000002,-1.3999999999999986
From 08:50 to 08:59,Household and family care and related travel,19.2,16.42,-2.7799999999999976
From 09:00 to 09:09,Household and family care and related travel,20.2,19.86,-0.33999999999999986
From 09:10 to 09:19,Household and family care and related travel,20.6,18.12,-2.4800000000000004
From 09:20 to 09:29,Household and family care and related travel,21.5,18.07,-3.4299999999999997
From 09:30 to 09:39,Household and family care and related travel,22.6,19.89,-2.710000000000001
From 09:40 to 09:49,Household and family care and related travel,23.4,20.39,-3.009999999999998
From 09:50 to 09:59,Household and family care and related travel,23.8,22.82,-0.9800000000000004
From 10:00 to 10:09,Household and family care and related travel,25.1,23.21,-1.8900000000000006
From 10:10 to 10:19,Household and family care and related travel,25.1,21.37,-3.7300000000000004
From 10:20 to 10:29,Household and family care and related travel,25.4,24.23,-1.1699999999999982
From 10:30 to 10:39,Household and family care and related travel,26.0,23.94,-2.0599999999999987
From 10:40 to 10:49,Household and family care and related travel,25.8,21.61,-4.190000000000001
From 10:50 to 10:59,Household and family care and related travel,25.8,23.830000000000002,-1.9699999999999989
From 11:00 to 11:09,Household and family care and related travel,26.5,22.27,-4.23
From 11:10 to 11:19,Household and family care and related travel,26.3,23.73,-2.5700000000000003
From 11:20 to 11:29,Household and family care and related travel,26.0,24.15,-1.8500000000000014
From 11:30 to 11:39,Household and family care and related travel,26.0,24.490000000000002,-1.509999999999998
From 11:40 to 11:49,Household and family care and related travel,26.0,25.03,-0.9699999999999989
From 11:50 to 11:59,Household and family care and related travel,25.9,25.119999999999997,-0.7800000000000011
From 12:00 to 12:09,Household and family care and related travel,25.9,23.400000000000002,-2.4999999999999964
From 12:10 to 12:19,Household and family care and related travel,25.2,23.48,-1.7199999999999989
From 12:20 to 12:29,Household and family care and related travel,24.8,24.42,-0.379999999999999
From 12:30 to 12:39,Household and family care and related travel,24.8,24.73,-0.07000000000000028
From 12:40 to 12:49,Household and family care and related travel,24.3,20.990000000000002,-3.3099999999999987
From 12:50 to 12:59,Household and family care and related travel,23.6,21.82,-1.7800000000000011
From 13:00 to 13:09,Household and family care and related travel,22.4,19.36,-3.039999999999999
From 13:10 to 13:19,Household and family care and related travel,21.7,20.580000000000002,-1.1199999999999974
From 13:20 to 13:29,Household and family care and related travel,21.2,19.52,-1.6799999999999997
From 13:30 to 13:39,Household and family care and related travel,21.3,19.74,-1.5600000000000023
From 13:40 to 13:49,Household and family care and related travel,21.4,19.49,-1.9100000000000001
From 13:50 to 13:59,Household and family care and related travel,20.8,16.14,-4.66
From 14:00 to 14:09,Household and family care and related travel,19.7,15.58,-4.119999999999999
From 14:10 to 14:19,Household and family care and related travel,19.2,17.47,-1.7300000000000004
From 14:20 to 14:29,Household and family care and related travel,19.5,17.95,-1.5500000000000007
From 14:30 to 14:39,Household and family care and related travel,20.2,18.55,-1.6499999999999986
From 14:40 to 14:49,Household and family care and related travel,20.2,18.529999999999998,-1.6700000000000017
From 14:50 to 14:59,Household and family care and related travel,20.1,19.689999999999998,-0.4100000000000037
From 15:00 to 15:09,Household and family care and related travel,20.7,19.400000000000002,-1.2999999999999972
From 15:10 to 15:19,Household and family care and related travel,20.2,17.78,-2.419999999999998
From 15:20 to 15:29,Household and family care and related travel,20.7,17.98,-2.719999999999999
From 15:30 to 15:39,Household and family care and related travel,20.8,18.099999999999998,-2.700000000000003
From 15:40 to 15:49,Household and family care and related travel,21.4,20.18,-1.2199999999999989
From 15:50 to 15:59,Household and family care and related travel,21.7,20.380000000000003,-1.3199999999999967
From 16:00 to 16:09,Household and family care and related travel,23.2,22.36,-0.8399999999999999
From 16:10 to 16:19,Household and family care and related travel,22.6,21.23,-1.370000000000001
From 16:20 to 16:29,Household and family care and related travel,22.5,22.98,0.4800000000000004
From 16:30 to 16:39,Household and family care and related travel,22.9,20.669999999999998,-2.2300000000000004
From 16:40 to 16:49,Household and family care and related travel,22.9,23.23,0.33000000000000185
From 16:50 to 16:59,Household and family care and related travel,23.1,22.439999999999998,-0.6600000000000037
From 17:00 to 17:09,Household and family care and related travel,22.7,21.029999999999998,-1.6700000000000017
From 17:10 to 17:19,Household and family care and related travel,22.1,19.580000000000002,-2.5199999999999996
From 17:20 to 17:29,Household and family care and related travel,22.1,19.7,-2.400000000000002
From 17:30 to 17:39,Household and family care and related travel,22.3,21.38,-0.9200000000000017
From 17:40 to 17:49,Household and family care and related travel,22.6,21.310000000000002,-1.2899999999999991
From 17:50 to 17:59,Household and family care and related travel,23.1,21.14,-1.9600000000000009
From 18:00 to 18:09,Household and family care and related travel,25.0,23.71,-1.2899999999999991
From 18:10 to 18:19,Household and family care and related travel,23.7,21.82,-1.879999999999999
From 18:20 to 18:29,Household and family care and related travel,22.5,20.57,-1.9299999999999997
From 18:30 to 18:39,Household and family care and related travel,22.2,18.83,-3.370000000000001
From 18:40 to 18:49,Household and family care and related travel,21.9,20.11,-1.7899999999999991
From 18:50 to 18:59,Household and family care and related travel,22.0,18.12,-3.879999999999999
From 19:00 to 19:09,Household and family care and related travel,20.9,20.810000000000002,-0.0899999999999963
From 19:10 to 19:19,Household and family care and related travel,19.3,17.0,-2.3000000000000007
From 19:20 to 19:29,Household and family care and related travel,17.8,15.290000000000001,-2.51
From 19:30 to 19:39,Household and family care and related travel,16.3,13.61,-2.6900000000000013
From 19:40 to 19:49,Household and family care and related travel,15.6,14.280000000000001,-1.3199999999999985
From 19:50 to 19:59,Household and family care and related travel,15.0,11.78,-3.2200000000000006
From 20:00 to 20:09,Household and family care and related travel,14.7,15.57,0.870000000000001
From 20:10 to 20:19,Household and family care and related travel,12.8,12.58,-0.22000000000000064
From 20:20 to 20:29,Household and family care and related travel,11.2,9.42,-1.7799999999999994
From 20:30 to 20:39,Household and family care and related travel,9.8,10.01,0.20999999999999908
From 20:40 to 20:49,Household and family care and related travel,8.9,8.48,-0.41999999999999993
From 20:50 to 20:59,Household and family care and related travel,8.3,7.720000000000001,-0.5800000000000001
From 21:00 to 21:09,Household and family care and related travel,7.5,6.35,-1.1500000000000004
From 21:10 to 21:19,Household and family care and related travel,6.6,4.62,-1.9799999999999995
From 21:20 to 21:29,Household and family care and related travel,5.5,4.9,-0.5999999999999996
From 21:30 to 21:39,Household and family care and related travel,5.0,4.79,-0.20999999999999996
From 21:40 to 21:49,Household and family care and related travel,4.4,2.9899999999999998,-1.4100000000000006
From 21:50 to 21:59,Household and family care and related travel,4.1,3.42,-0.6799999999999997
From 22:00 to 22:09,Household and family care and related travel,3.9,4.44,0.5400000000000005
From 22:10 to 22:19,Household and family care and related travel,3.1,3.3300000000000005,0.23000000000000043
From 22:20 to 22:29,Household and family care and related travel,2.6,2.34,-0.26000000000000023
From 22:30 to 22:39,Household and family care and related travel,2.2,1.9,-0.30000000000000027
From 22:40 to 22:49,Household and family care and related travel,1.9,1.26,-0.6399999999999999
From 22:50 to 22:59,Household and family care and related travel,1.6,0.8999999999999999,-0.7000000000000002
From 23:00 to 23:09,Household and family care and related travel,1.6,1.72,0.11999999999999988
From 23:10 to 23:19,Household and family care and related travel,1.4,1.26,-0.1399999999999999
From 23:20 to 23:29,Household and family care and related travel,1.1,0.63,-0.4700000000000001
From 23:30 to 23:39,Household and family care and related travel,1.0,0.54,-0.45999999999999996
From 23:40 to 23:49,Household and family care and related travel,0.9,0.8099999999999999,-0.09000000000000008
From 23:50 to 23:59,Household and family care and related travel,0.8,0.54,-0.26
Total (24 hours),Leisure. social and associative life except TV and video,12.4,0.0,-12.4
From 00:00 to 00:09,Leisure. social and associative life except TV and video,3.0,3.8,0.7999999999999998
From 00:10 to 00:19,Leisure. social and associative life except TV and video,2.9,2.18,-0.7199999999999998
From 00:20 to 00:29,Leisure. social and associative life except TV and video,2.7,2.27,-0.43000000000000016
From 00:30 to 00:39,Leisure. social and associative life except TV and video,2.5,1.35,-1.15
From 00:40 to 00:49,Leisure. social and associative life except TV and video,2.3,2.71,0.41000000000000014
From 00:50 to 00:59,Leisure. social and associative life except TV and video,2.2,1.08,-1.12
From 01:00 to 01:09,Leisure. social and associative life except TV and video,1.7,0.72,-0.98
From 01:10 to 01:19,Leisure. social and associative life except TV and video,1.6,1.27,-0.33000000000000007
From 01:20 to 01:29,Leisure. social and associative life except TV and video,1.5,0.8099999999999999,-0.6900000000000001
From 01:30 to 01:39,Leisure. social and associative life except TV and video,1.4,0.8099999999999999,-0.59
From 01:40 to 01:49,Leisure. social and associative life except TV and video,1.3,1.18,-0.1200000000000001
From 01:50 to 01:59,Leisure. social and associative life except TV and video,1.2,0.8999999999999999,-0.30000000000000004
From 02:00 to 02:09,Leisure. social and associative life except TV and video,0.8,0.8099999999999999,0.009999999999999898
From 02:10 to 02:19,Leisure. social and associative life except TV and video,0.8,0.54,-0.26
From 02:20 to 02:29,Leisure. social and associative life except TV and video,0.7,0.63,-0.06999999999999995
From 02:30 to 02:39,Leisure. social and associative life except TV and video,0.7,0.27,-0.42999999999999994
From 02:40 to 02:49,Leisure. social and associative life except TV and video,0.7,0.44999999999999996,-0.25
From 02:50 to 02:59,Leisure. social and associative life except TV and video,0.6,0.63,0.030000000000000027
From 03:00 to 03:09,Leisure. social and associative life except TV and video,0.5,0.18,-0.32
From 03:10 to 03:19,Leisure. social and associative life except TV and video,0.4,0.36,-0.040000000000000036
From 03:20 to 03:29,Leisure. social and associative life except TV and video,0.4,0.27,-0.13
From 03:30 to 03:39,Leisure. social and associative life except TV and video,0.4,0.44999999999999996,0.04999999999999993
From 03:40 to 03:49,Leisure. social and associative life except TV and video,0.3,0.27,-0.02999999999999997
From 03:50 to 03:59,Leisure. social and associative life except TV and video,0.2,0.18,-0.020000000000000018
From 04:00 to 04:09,Leisure. social and associative life except TV and video,0.3,0.0,-0.3
From 04:10 to 04:19,Leisure. social and associative life except TV and video,0.3,0.27,-0.02999999999999997
From 04:20 to 04:29,Leisure. social and associative life except TV and video,0.4,0.0,-0.4
From 04:30 to 04:39,Leisure. social and associative life except TV and video,0.4,0.18,-0.22000000000000003
From 04:40 to 04:49,Leisure. social and associative life except TV and video,0.4,0.09,-0.31000000000000005
From 04:50 to 04:59,Leisure. social and associative life except TV and video,0.5,0.36,-0.14
From 05:00 to 05:09,Leisure. social and associative life except TV and video,0.5,0.44999999999999996,-0.050000000000000044
From 05:10 to 05:19,Leisure. social and associative life except TV and video,0.5,0.44999999999999996,-0.050000000000000044
From 05:20 to 05:29,Leisure. social and associative life except TV and video,0.6,0.54,-0.05999999999999994
From 05:30 to 05:39,Leisure. social and associative life except TV and video,0.7,0.63,-0.06999999999999995
From 05:40 to 05:49,Leisure. social and associative life except TV and video,0.8,0.54,-0.26
From 05:50 to 05:59,Leisure. social and associative life except TV and video,0.9,0.72,-0.18000000000000005
From 06:00 to 06:09,Leisure. social and associative life except TV and video,1.4,1.54,0.14000000000000012
From 06:10 to 06:19,Leisure. social and associative life except TV and video,1.6,0.9900000000000001,-0.61
From 06:20 to 06:29,Leisure. social and associative life except TV and video,1.7,1.18,-0.52
From 06:30 to 06:39,Leisure. social and associative life except TV and video,2.1,2.16,0.06000000000000005
From 06:40 to 06:49,Leisure. social and associative life except TV and video,2.4,2.35,-0.04999999999999982
From 06:50 to 06:59,Leisure. social and associative life except TV and video,2.7,2.34,-0.3600000000000003
From 07:00 to 07:09,Leisure. social and associative life except TV and video,3.3,2.53,-0.77
From 07:10 to 07:19,Leisure. social and associative life except TV and video,3.5,3.0700000000000003,-0.4299999999999997
From 07:20 to 07:29,Leisure. social and associative life except TV and video,3.8,4.0,0.20000000000000018
From 07:30 to 07:39,Leisure. social and associative life except TV and video,4.1,2.81,-1.2899999999999996
From 07:40 to 07:49,Leisure. social and associative life except TV and video,4.5,3.06,-1.44
From 07:50 to 07:59,Leisure. social and associative life except TV and video,4.7,4.109999999999999,-0.5900000000000007
From 08:00 to 08:09,Leisure. social and associative life except TV and video,5.5,4.47,-1.0300000000000002
From 08:10 to 08:19,Leisure. social and associative life except TV and video,5.9,4.91,-0.9900000000000002
From 08:20 to 08:29,Leisure. social and associative life except TV and video,6.5,5.79,-0.71
From 08:30 to 08:39,Leisure. social and associative life except TV and video,7.1,5.92,-1.1799999999999997
From 08:40 to 08:49,Leisure. social and associative life except TV and video,7.7,7.03,-0.6699999999999999
From 08:50 to 08:59,Leisure. social and associative life except TV and video,8.3,8.28,-0.02000000000000135
From 09:00 to 09:09,Leisure. social and associative life except TV and video,9.3,6.87,-2.4300000000000006
From 09:10 to 09:19,Leisure. social and associative life except TV and video,9.8,9.180000000000001,-0.6199999999999992
From 09:20 to 09:29,Leisure. social and associative life except TV and video,10.3,9.27,-1.0300000000000011
From 09:30 to 09:39,Leisure. social and associative life except TV and video,11.1,9.93,-1.17
From 09:40 to 09:49,Leisure. social and associative life except TV and video,11.5,10.54,-0.9600000000000009
From 09:50 to 09:59,Leisure. social and associative life except TV and video,12.0,9.82,-2.1799999999999997
From 10:00 to 10:09,Leisure. social and associative life except TV and video,13.0,13.01,0.009999999999999787
From 10:10 to 10:19,Leisure. social and associative life except TV and video,13.5,13.22,-0.27999999999999936
From 10:20 to 10:29,Leisure. social and associative life except TV and video,14.1,13.209999999999999,-0.8900000000000006
From 10:30 to 10:39,Leisure. social and associative life except TV and video,14.9,13.370000000000001,-1.5299999999999994
From 10:40 to 10:49,Leisure. social and associative life except TV and video,15.7,15.229999999999999,-0.47000000000000064
From 10:50 to 10:59,Leisure. social and associative life except TV and video,16.1,14.26,-1.8400000000000016
From 11:00 to 11:09,Leisure. social and associative life except TV and video,16.5,15.709999999999999,-0.7900000000000009
From 11:10 to 11:19,Leisure. social and associative life except TV and video,16.9,16.56,-0.33999999999999986
From 11:20 to 11:29,Leisure. social and associative life except TV and video,17.7,15.459999999999999,-2.24
From 11:30 to 11:39,Leisure. social and associative life except TV and video,17.9,16.64,-1.259999999999998
From 11:40 to 11:49,Leisure. social and associative life except TV and video,18.1,16.2,-1.9000000000000021
From 11:50 to 11:59,Leisure. social and associative life except TV and video,17.6,15.120000000000001,-2.4800000000000004
From 12:00 to 12:09,Leisure. social and associative life except TV and video,16.5,14.540000000000001,-1.959999999999999
From 12:10 to 12:19,Leisure. social and associative life except TV and video,17.0,15.06,-1.9399999999999995
From 12:20 to 12:29,Leisure. social and associative life except TV and video,17.7,16.63,-1.0700000000000003
From 12:30 to 12:39,Leisure. social and associative life except TV and video,17.9,15.409999999999998,-2.49
From 12:40 to 12:49,Leisure. social and associative life except TV and video,18.2,15.989999999999998,-2.210000000000001
From 12:50 to 12:59,Leisure. social and associative life except TV and video,18.0,15.55,-2.4499999999999993
From 13:00 to 13:09,Leisure. social and associative life except TV and video,16.0,14.649999999999999,-1.3500000000000014
From 13:10 to 13:19,Leisure. social and associative life except TV and video,16.2,14.180000000000001,-2.019999999999998
From 13:20 to 13:29,Leisure. social and associative life except TV and video,16.8,16.08,-0.7200000000000024
From 13:30 to 13:39,Leisure. social and associative life except TV and video,17.3,16.13,-1.1700000000000017
From 13:40 to 13:49,Leisure. social and associative life except TV and video,17.7,18.52,0.8200000000000003
From 13:50 to 13:59,Leisure. social and associative life except TV and video,17.3,17.31,0.00999999999999801
From 14:00 to 14:09,Leisure. social and associative life except TV and video,16.3,14.000000000000002,-2.299999999999999
From 14:10 to 14:19,Leisure. social and associative life except TV and video,17.0,15.229999999999999,-1.7700000000000014
From 14:20 to 14:29,Leisure. social and associative life except TV and video,18.0,16.05,-1.9499999999999993
From 14:30 to 14:39,Leisure. social and associative life except TV and video,19.2,16.259999999999998,-2.9400000000000013
From 14:40 to 14:49,Leisure. social and associative life except TV and video,20.3,19.040000000000003,-1.259999999999998
From 14:50 to 14:59,Leisure. social and associative life except TV and video,20.8,19.869999999999997,-0.9300000000000033
From 15:00 to 15:09,Leisure. social and associative life except TV and video,21.1,19.05,-2.0500000000000007
From 15:10 to 15:19,Leisure. social and associative life except TV and video,22.0,19.89,-2.1099999999999994
From 15:20 to 15:29,Leisure. social and associative life except TV and video,22.8,21.759999999999998,-1.0400000000000027
From 15:30 to 15:39,Leisure. social and associative life except TV and video,23.8,21.73,-2.0700000000000003
From 15:40 to 15:49,Leisure. social and associative life except TV and video,24.5,24.610000000000003,0.11000000000000298
From 15:50 to 15:59,Leisure. social and associative life except TV and video,24.8,23.16,-1.6400000000000006
From 16:00 to 16:09,Leisure. social and associative life except TV and video,24.7,22.58,-2.120000000000001
From 16:10 to 16:19,Leisure. social and associative life except TV and video,25.7,24.19,-1.509999999999998
From 16:20 to 16:29,Leisure. social and associative life except TV and video,26.8,24.7,-2.1000000000000014
From 16:30 to 16:39,Leisure. social and associative life except TV and video,27.8,26.22,-1.5800000000000018
From 16:40 to 16:49,Leisure. social and associative life except TV and video,28.3,25.7,-2.6000000000000014
From 16:50 to 16:59,Leisure. social and associative life except TV and video,28.1,24.54,-3.5600000000000023
From 17:00 to 17:09,Leisure. social and associative life except TV and video,26.4,24.79,-1.6099999999999994
From 17:10 to 17:19,Leisure. social and associative life except TV and video,27.0,25.740000000000002,-1.259999999999998
From 17:20 to 17:29,Leisure. social and associative life except TV and video,28.3,26.19,-2.1099999999999994
From 17:30 to 17:39,Leisure. social and associative life except TV and video,28.8,26.0,-2.8000000000000007
From 17:40 to 17:49,Leisure. social and associative life except TV and video,29.3,26.77,-2.530000000000001
From 17:50 to 17:59,Leisure. social and associative life except TV and video,28.7,23.1,-5.599999999999998
From 18:00 to 18:09,Leisure. social and associative life except TV and video,26.1,22.650000000000002,-3.4499999999999993
From 18:10 to 18:19,Leisure. social and associative life except TV and video,26.6,22.7,-3.900000000000002
From 18:20 to 18:29,Leisure. social and associative life except TV and video,27.1,25.91,-1.1900000000000013
From 18:30 to 18:39,Leisure. social and associative life except TV and video,27.3,24.38,-2.9200000000000017
From 18:40 to 18:49,Leisure. social and associative life except TV and video,27.3,27.35,0.05000000000000071
From 18:50 to 18:59,Leisure. social and associative life except TV and video,26.2,25.64,-0.5599999999999987
From 19:00 to 19:09,Leisure. social and associative life except TV and video,22.5,23.11,0.6099999999999994
From 19:10 to 19:19,Leisure. social and associative life except TV and video,22.6,20.25,-2.3500000000000014
From 19:20 to 19:29,Leisure. social and associative life except TV and video,22.6,20.22,-2.3800000000000026
From 19:30 to 19:39,Leisure. social and associative life except TV and video,21.6,19.650000000000002,-1.9499999999999993
From 19:40 to 19:49,Leisure. social and associative life except TV and video,21.4,18.17,-3.229999999999997
From 19:50 to 19:59,Leisure. social and associative life except TV and video,20.9,18.84,-2.0599999999999987
From 20:00 to 20:09,Leisure. social and associative life except TV and video,18.8,16.24,-2.5600000000000023
From 20:10 to 20:19,Leisure. social and associative life except TV and video,19.2,16.78,-2.419999999999998
From 20:20 to 20:29,Leisure. social and associative life except TV and video,19.8,19.38,-0.4200000000000017
From 20:30 to 20:39,Leisure. social and associative life except TV and video,20.2,18.11,-2.09
From 20:40 to 20:49,Leisure. social and associative life except TV and video,20.2,18.83,-1.370000000000001
From 20:50 to 20:59,Leisure. social and associative life except TV and video,20.0,19.759999999999998,-0.240000000000002
From 21:00 to 21:09,Leisure. social and associative life except TV and video,18.6,17.43,-1.1700000000000017
From 21:10 to 21:19,Leisure. social and associative life except TV and video,18.5,16.86,-1.6400000000000006
From 21:20 to 21:29,Leisure. social and associative life except TV and video,18.6,15.4,-3.200000000000001
From 21:30 to 21:39,Leisure. social and associative life except TV and video,18.2,17.2,-1.0
From 21:40 to 21:49,Leisure. social and associative life except TV and video,17.6,18.360000000000003,0.7600000000000016
From 21:50 to 21:59,Leisure. social and associative life except TV and video,16.5,14.45,-2.0500000000000007
From 22:00 to 22:09,Leisure. social and associative life except TV and video,12.8,12.3,-0.5
From 22:10 to 22:19,Leisure. social and associative life except TV and video,12.8,9.34,-3.460000000000001
From 22:20 to 22:29,Leisure. social and associative life except TV and video,12.7,10.94,-1.7599999999999998
From 22:30 to 22:39,Leisure. social and associative life except TV and video,12.1,10.870000000000001,-1.2299999999999986
From 22:40 to 22:49,Leisure. social and associative life except TV and video,11.5,8.649999999999999,-2.8500000000000014
From 22:50 to 22:59,Leisure. social and associative life except TV and video,10.7,8.59,-2.1099999999999994
From 23:00 to 23:09,Leisure. social and associative life except TV and video,7.9,6.88,-1.0200000000000005
From 23:10 to 23:19,Leisure. social and associative life except TV and video,7.1,6.0,-1.0999999999999996
From 23:20 to 23:29,Leisure. social and associative life except TV and video,6.7,5.45,-1.25
From 23:30 to 23:39,Leisure. social and associative life except TV and video,5.9,5.800000000000001,-0.09999999999999964
From 23:40 to 23:49,Leisure. social and associative life except TV and video,5.2,4.61,-0.5899999999999999
From 23:50 to 23:59,Leisure. social and associative life except TV and video,4.5,3.5999999999999996,-0.9000000000000004
Total (24 hours),Television and video,9.8,0.0,-9.8
From 00:00 to 00:09,Television and video,1.8,1.08,-0.72
From 00:10 to 00:19,Television and video,1.7,1.08,-0.6199999999999999
From 00:20 to 00:29,Television and video,1.5,1.08,-0.41999999999999993
From 00:30 to 00:39,Television and video,1.3,1.17,-0.13000000000000012
From 00:40 to 00:49,Television and video,1.1,0.9900000000000001,-0.10999999999999999
From 00:50 to 00:59,Television and video,1.0,0.8999999999999999,-0.10000000000000009
From 01:00 to 01:09,Television and video,0.6,0.54,-0.05999999999999994
From 01:10 to 01:19,Television and video,0.6,0.8099999999999999,0.20999999999999996
From 01:20 to 01:29,Television and video,0.5,0.63,0.13
From 01:30 to 01:39,Television and video,0.5,0.63,0.13
From 01:40 to 01:49,Television and video,0.4,0.27,-0.13
From 01:50 to 01:59,Television and video,0.3,0.09,-0.21
From 02:00 to 02:09,Television and video,0.2,0.0,-0.2
From 02:10 to 02:19,Television and video,0.2,0.09,-0.11000000000000001
From 02:20 to 02:29,Television and video,0.2,0.09,-0.11000000000000001
From 02:30 to 02:39,Television and video,0.1,0.09,-0.010000000000000009
From 02:40 to 02:49,Television and video,0.1,0.0,-0.1
From 02:50 to 02:59,Television and video,0.1,0.09,-0.010000000000000009
From 03:00 to 03:09,Television and video,0.1,0.0,-0.1
From 03:10 to 03:19,Television and video,0.1,0.09,-0.010000000000000009
From 03:20 to 03:29,Television and video,0.1,0.0,-0.1
From 03:30 to 03:39,Television and video,0.1,0.0,-0.1
From 03:40 to 03:49,Television and video,0.1,0.0,-0.1
From 03:50 to 03:59,Television and video,0.1,0.0,-0.1
From 04:00 to 04:09,Television and video,0.1,0.0,-0.1
From 04:10 to 04:19,Television and video,0.1,0.09,-0.010000000000000009
From 04:20 to 04:29,Television and video,0.1,0.09,-0.010000000000000009
From 04:30 to 04:39,Television and video,0.1,0.27,0.17
From 04:40 to 04:49,Television and video,0.1,0.09,-0.010000000000000009
From 04:50 to 04:59,Television and video,0.1,0.09,-0.010000000000000009
From 05:00 to 05:09,Television and video,0.1,0.0,-0.1
From 05:10 to 05:19,Television and video,0.1,0.0,-0.1
From 05:20 to 05:29,Television and video,0.1,0.0,-0.1
From 05:30 to 05:39,Television and video,0.2,0.27,0.07
From 05:40 to 05:49,Television and video,0.2,0.18,-0.020000000000000018
From 05:50 to 05:59,Television and video,0.2,0.36,0.15999999999999998
From 06:00 to 06:09,Television and video,0.3,0.27,-0.02999999999999997
From 06:10 to 06:19,Television and video,0.4,0.44999999999999996,0.04999999999999993
From 06:20 to 06:29,Television and video,0.5,0.54,0.040000000000000036
From 06:30 to 06:39,Television and video,0.5,0.0,-0.5
From 06:40 to 06:49,Television and video,0.7,0.44999999999999996,-0.25
From 06:50 to 06:59,Television and video,0.7,0.44999999999999996,-0.25
From 07:00 to 07:09,Television and video,0.9,0.8099999999999999,-0.09000000000000008
From 07:10 to 07:19,Television and video,1.1,0.72,-0.3800000000000001
From 07:20 to 07:29,Television and video,1.3,1.08,-0.21999999999999997
From 07:30 to 07:39,Television and video,1.5,1.17,-0.33000000000000007
From 07:40 to 07:49,Television and video,1.7,1.4500000000000002,-0.24999999999999978
From 07:50 to 07:59,Television and video,1.7,2.0,0.30000000000000004
From 08:00 to 08:09,Television and video,2.3,1.9900000000000002,-0.3099999999999996
From 08:10 to 08:19,Television and video,2.6,2.08,-0.52
From 08:20 to 08:29,Television and video,2.9,2.35,-0.5499999999999998
From 08:30 to 08:39,Television and video,3.3,3.16,-0.13999999999999968
From 08:40 to 08:49,Television and video,3.6,2.79,-0.81
From 08:50 to 08:59,Television and video,4.0,3.62,-0.3799999999999999
From 09:00 to 09:09,Television and video,4.2,3.52,-0.6800000000000002
From 09:10 to 09:19,Television and video,4.6,4.5,-0.09999999999999964
From 09:20 to 09:29,Television and video,4.9,3.26,-1.6400000000000006
From 09:30 to 09:39,Television and video,5.1,4.38,-0.7199999999999998
From 09:40 to 09:49,Television and video,5.2,5.46,0.2599999999999998
From 09:50 to 09:59,Television and video,5.5,5.7299999999999995,0.22999999999999954
From 10:00 to 10:09,Television and video,5.1,4.83,-0.2699999999999996
From 10:10 to 10:19,Television and video,5.4,5.25,-0.15000000000000036
From 10:20 to 10:29,Television and video,5.8,4.54,-1.2599999999999998
From 10:30 to 10:39,Television and video,5.9,4.16,-1.7400000000000002
From 10:40 to 10:49,Television and video,6.1,4.63,-1.4699999999999998
From 10:50 to 10:59,Television and video,6.3,5.34,-0.96
From 11:00 to 11:09,Television and video,6.1,4.44,-1.6599999999999993
From 11:10 to 11:19,Television and video,6.3,4.8,-1.5
From 11:20 to 11:29,Television and video,6.5,5.65,-0.8499999999999996
From 11:30 to 11:39,Television and video,6.7,6.72,0.019999999999999574
From 11:40 to 11:49,Television and video,6.8,5.42,-1.38
From 11:50 to 11:59,Television and video,6.7,6.1899999999999995,-0.5100000000000007
From 12:00 to 12:09,Television and video,5.9,5.46,-0.4400000000000004
From 12:10 to 12:19,Television and video,6.0,4.46,-1.54
From 12:20 to 12:29,Television and video,6.4,5.55,-0.8500000000000005
From 12:30 to 12:39,Television and video,6.2,6.1899999999999995,-0.010000000000000675
From 12:40 to 12:49,Television and video,6.2,6.239999999999999,0.03999999999999915
From 12:50 to 12:59,Television and video,6.1,5.66,-0.4399999999999995
From 13:00 to 13:09,Television and video,5.2,4.71,-0.4900000000000002
From 13:10 to 13:19,Television and video,5.2,4.2700000000000005,-0.9299999999999997
From 13:20 to 13:29,Television and video,5.4,4.07,-1.33
From 13:30 to 13:39,Television and video,5.8,4.54,-1.2599999999999998
From 13:40 to 13:49,Television and video,6.1,4.9,-1.1999999999999993
From 13:50 to 13:59,Television and video,6.0,5.81,-0.1900000000000004
From 14:00 to 14:09,Television and video,5.5,4.78,-0.7199999999999998
From 14:10 to 14:19,Television and video,5.8,5.11,-0.6899999999999995
From 14:20 to 14:29,Television and video,6.2,5.609999999999999,-0.5900000000000007
From 14:30 to 14:39,Television and video,6.7,7.16,0.45999999999999996
From 14:40 to 14:49,Television and video,7.2,6.5600000000000005,-0.6399999999999997
From 14:50 to 14:59,Television and video,7.5,6.63,-0.8700000000000001
From 15:00 to 15:09,Television and video,7.3,5.89,-1.4100000000000001
From 15:10 to 15:19,Television and video,7.8,6.140000000000001,-1.6599999999999993
From 15:20 to 15:29,Television and video,8.2,7.340000000000001,-0.8599999999999985
From 15:30 to 15:39,Television and video,8.8,7.9399999999999995,-0.8600000000000012
From 15:40 to 15:49,Television and video,9.2,8.4,-0.7999999999999989
From 15:50 to 15:59,Television and video,9.3,8.48,-0.8200000000000003
From 16:00 to 16:09,Television and video,9.5,8.129999999999999,-1.370000000000001
From 16:10 to 16:19,Television and video,10.0,9.26,-0.7400000000000002
From 16:20 to 16:29,Television and video,10.8,8.9,-1.9000000000000004
From 16:30 to 16:39,Television and video,11.4,11.15,-0.25
From 16:40 to 16:49,Television and video,11.9,11.03,-0.870000000000001
From 16:50 to 16:59,Television and video,12.9,12.030000000000001,-0.8699999999999992
From 17:00 to 17:09,Television and video,16.2,14.680000000000001,-1.5199999999999978
From 17:10 to 17:19,Television and video,16.8,16.669999999999998,-0.13000000000000256
From 17:20 to 17:29,Television and video,16.4,15.620000000000001,-0.7799999999999976
From 17:30 to 17:39,Television and video,16.6,15.1,-1.5000000000000018
From 17:40 to 17:49,Television and video,16.7,14.860000000000001,-1.839999999999998
From 17:50 to 17:59,Television and video,16.5,16.28,-0.21999999999999886
From 18:00 to 18:09,Television and video,15.1,14.21,-0.8899999999999988
From 18:10 to 18:19,Television and video,15.8,15.58,-0.22000000000000064
From 18:20 to 18:29,Television and video,16.6,13.530000000000001,-3.0700000000000003
From 18:30 to 18:39,Television and video,17.6,17.76,0.16000000000000014
From 18:40 to 18:49,Television and video,18.4,14.610000000000001,-3.7899999999999974
From 18:50 to 18:59,Television and video,19.2,18.47,-0.7300000000000004
From 19:00 to 19:09,Television and video,21.0,17.06,-3.9400000000000013
From 19:10 to 19:19,Television and video,22.4,20.44,-1.9599999999999973
From 19:20 to 19:29,Television and video,25.4,25.77,0.370000000000001
From 19:30 to 19:39,Television and video,30.7,30.11,-0.5899999999999999
From 19:40 to 19:49,Television and video,32.5,32.29,-0.21000000000000085
From 19:50 to 19:59,Television and video,33.9,32.29,-1.6099999999999994
From 20:00 to 20:09,Television and video,36.9,36.120000000000005,-0.779999999999994
From 20:10 to 20:19,Television and video,38.4,38.57,0.1700000000000017
From 20:20 to 20:29,Television and video,41.2,41.55,0.3499999999999943
From 20:30 to 20:39,Television and video,44.3,42.1,-2.1999999999999957
From 20:40 to 20:49,Television and video,46.2,45.550000000000004,-0.6499999999999986
From 20:50 to 20:59,Television and video,46.5,43.9,-2.6000000000000014
From 21:00 to 21:09,Television and video,44.3,44.690000000000005,0.3900000000000077
From 21:10 to 21:19,Television and video,44.8,46.07,1.2700000000000031
From 21:20 to 21:29,Television and video,44.9,43.89,-1.009999999999998
From 21:30 to 21:39,Television and video,43.2,39.190000000000005,-4.009999999999998
From 21:40 to 21:49,Television and video,41.4,39.48,-1.9200000000000017
From 21:50 to 21:59,Television and video,38.2,34.72,-3.480000000000004
From 22:00 to 22:09,Television and video,24.1,21.34,-2.7600000000000016
From 22:10 to 22:19,Television and video,23.6,21.14,-2.460000000000001
From 22:20 to 22:29,Television and video,22.2,21.23,-0.9699999999999989
From 22:30 to 22:39,Television and video,19.2,17.34,-1.8599999999999994
From 22:40 to 22:49,Television and video,17.5,14.06,-3.4399999999999995
From 22:50 to 22:59,Television and video,15.8,14.45,-1.3500000000000014
From 23:00 to 23:09,Television and video,9.2,8.42,-0.7799999999999994
From 23:10 to 23:19,Television and video,8.1,5.34,-2.76
From 23:20 to 23:29,Television and video,7.2,5.43,-1.7700000000000005
From 23:30 to 23:39,Television and video,5.7,3.88,-1.8200000000000003
From 23:40 to 23:49,Television and video,4.9,4.34,-0.5600000000000005
From 23:50 to 23:59,Television and video,4.0,2.4299999999999997,-1.5700000000000003
Total (24 hours),Travel to/from work/study,1.9,0.0,-1.9
From 00:00 to 00:09,Travel to/from work/study,0.2,0.27,0.07
From 00:10 to 00:19,Travel to/from work/study,0.1,0.0,-0.1
From 00:20 to 00:29,Travel to/from work/study,0.1,0.0,-0.1
From 00:30 to 00:39,Travel to/from work/study,0.1,0.0,-0.1
From 00:40 to 00:49,Travel to/from work/study,0.0,0.0,0.0
From 00:50 to 00:59,Travel to/from work/study,0.1,0.09,-0.010000000000000009
From 01:00 to 01:09,Travel to/from work/study,0.1,0.0,-0.1
From 01:10 to 01:19,Travel to/from work/study,0.1,0.09,-0.010000000000000009
From 01:20 to 01:29,Travel to/from work/study,0.1,0.18,0.07999999999999999
From 01:30 to 01:39,Travel to/from work/study,0.0,0.0,0.0
From 01:40 to 01:49,Travel to/from work/study,0.0,0.0,0.0
From 01:50 to 01:59,Travel to/from work/study,0.1,0.09,-0.010000000000000009
From 02:00 to 02:09,Travel to/from work/study,0.1,0.09,-0.010000000000000009
From 02:10 to 02:19,Travel to/from work/study,0.1,0.0,-0.1
From 02:20 to 02:29,Travel to/from work/study,0.1,0.27,0.17
From 02:30 to 02:39,Travel to/from work/study,0.1,0.0,-0.1
From 02:40 to 02:49,Travel to/from work/study,0.0,0.0,0.0
From 02:50 to 02:59,Travel to/from work/study,0.1,0.18,0.07999999999999999
From 03:00 to 03:09,Travel to/from work/study,0.1,0.0,-0.1
From 03:10 to 03:19,Travel to/from work/study,0.1,0.0,-0.1
From 03:20 to 03:29,Travel to/from work/study,0.1,0.09,-0.010000000000000009
From 03:30 to 03:39,Travel to/from work/study,0.1,0.09,-0.010000000000000009
From 03:40 to 03:49,Travel to/from work/study,0.2,0.18,-0.020000000000000018
From 03:50 to 03:59,Travel to/from work/study,0.2,0.0,-0.2
From 04:00 to 04:09,Travel to/from work/study,0.3,0.36,0.06
From 04:10 to 04:19,Travel to/from work/study,0.3,0.36,0.06
From 04:20 to 04:29,Travel to/from work/study,0.4,0.18,-0.22000000000000003
From 04:30 to 04:39,Travel to/from work/study,0.6,0.09,-0.51
From 04:40 to 04:49,Travel to/from work/study,0.9,0.72,-0.18000000000000005
From 04:50 to 04:59,Travel to/from work/study,1.2,0.9900000000000001,-0.20999999999999985
From 05:00 to 05:09,Travel to/from work/study,1.6,1.44,-0.16000000000000014
From 05:10 to 05:19,Travel to/from work/study,2.2,1.8900000000000001,-0.31000000000000005
From 05:20 to 05:29,Travel to/from work/study,3.1,2.2800000000000002,-0.8199999999999998
From 05:30 to 05:39,Travel to/from work/study,4.2,3.7800000000000002,-0.41999999999999993
From 05:40 to 05:49,Travel to/from work/study,5.4,4.15,-1.25
From 05:50 to 05:59,Travel to/from work/study,5.1,3.8899999999999997,-1.21
From 06:00 to 06:09,Travel to/from work/study,3.3,2.08,-1.2199999999999998
From 06:10 to 06:19,Travel to/from work/study,4.1,3.63,-0.46999999999999975
From 06:20 to 06:29,Travel to/from work/study,5.2,3.5999999999999996,-1.6000000000000005
From 06:30 to 06:39,Travel to/from work/study,6.6,6.01,-0.5899999999999999
From 06:40 to 06:49,Travel to/from work/study,8.4,6.12,-2.2800000000000002
From 06:50 to 06:59,Travel to/from work/study,8.8,8.06,-0.7400000000000002
From 07:00 to 07:09,Travel to/from work/study,4.9,4.33,-0.5700000000000003
From 07:10 to 07:19,Travel to/from work/study,5.3,3.7199999999999998,-1.58
From 07:20 to 07:29,Travel to/from work/study,6.0,4.72,-1.2800000000000002
From 07:30 to 07:39,Travel to/from work/study,6.6,5.92,-0.6799999999999997
From 07:40 to 07:49,Travel to/from work/study,7.4,6.890000000000001,-0.5099999999999998
From 07:50 to 07:59,Travel to/from work/study,6.5,4.68,-1.8200000000000003
From 08:00 to 08:09,Travel to/from work/study,2.8,2.4299999999999997,-0.3700000000000001
From 08:10 to 08:19,Travel to/from work/study,2.4,2.36,-0.040000000000000036
From 08:20 to 08:29,Travel to/from work/study,2.3,1.9800000000000002,-0.3199999999999996
From 08:30 to 08:39,Travel to/from work/study,2.2,1.44,-0.7600000000000002
From 08:40 to 08:49,Travel to/from work/study,2.2,1.8900000000000001,-0.31000000000000005
From 08:50 to 08:59,Travel to/from work/study,2.1,1.08,-1.02
From 09:00 to 09:09,Travel to/from work/study,1.4,1.08,-0.31999999999999984
From 09:10 to 09:19,Travel to/from work/study,1.3,1.08,-0.21999999999999997
From 09:20 to 09:29,Travel to/from work/study,1.4,1.53,0.13000000000000012
From 09:30 to 09:39,Travel to/from work/study,1.3,0.8099999999999999,-0.4900000000000001
From 09:40 to 09:49,Travel to/from work/study,1.3,1.17,-0.13000000000000012
From 09:50 to 09:59,Travel to/from work/study,1.2,1.27,0.07000000000000006
From 10:00 to 10:09,Travel to/from work/study,0.9,1.35,0.45000000000000007
From 10:10 to 10:19,Travel to/from work/study,0.7,0.8099999999999999,0.10999999999999999
From 10:20 to 10:29,Travel to/from work/study,0.6,0.36,-0.24
From 10:30 to 10:39,Travel to/from work/study,0.6,0.44999999999999996,-0.15000000000000002
From 10:40 to 10:49,Travel to/from work/study,0.6,0.18,-0.42
From 10:50 to 10:59,Travel to/from work/study,0.6,0.54,-0.05999999999999994
From 11:00 to 11:09,Travel to/from work/study,0.7,0.18,-0.52
From 11:10 to 11:19,Travel to/from work/study,0.7,0.72,0.020000000000000018
From 11:20 to 11:29,Travel to/from work/study,0.6,0.54,-0.05999999999999994
From 11:30 to 11:39,Travel to/from work/study,0.6,0.44999999999999996,-0.15000000000000002
From 11:40 to 11:49,Travel to/from work/study,0.7,0.8099999999999999,0.10999999999999999
From 11:50 to 11:59,Travel to/from work/study,0.7,0.63,-0.06999999999999995
From 12:00 to 12:09,Travel to/from work/study,1.0,0.9900000000000001,-0.009999999999999898
From 12:10 to 12:19,Travel to/from work/study,0.9,1.26,0.36
From 12:20 to 12:29,Travel to/from work/study,0.8,0.44999999999999996,-0.3500000000000001
From 12:30 to 12:39,Travel to/from work/study,0.8,0.63,-0.17000000000000004
From 12:40 to 12:49,Travel to/from work/study,1.0,1.53,0.53
From 12:50 to 12:59,Travel to/from work/study,1.2,1.08,-0.11999999999999988
From 13:00 to 13:09,Travel to/from work/study,1.7,1.8900000000000001,0.19000000000000017
From 13:10 to 13:19,Travel to/from work/study,1.6,1.35,-0.25
From 13:20 to 13:29,Travel to/from work/study,1.8,1.35,-0.44999999999999996
From 13:30 to 13:39,Travel to/from work/study,2.0,1.71,-0.29000000000000004
From 13:40 to 13:49,Travel to/from work/study,1.9,1.28,-0.6199999999999999
From 13:50 to 13:59,Travel to/from work/study,1.9,2.01,0.10999999999999988
From 14:00 to 14:09,Travel to/from work/study,4.5,4.7,0.20000000000000018
From 14:10 to 14:19,Travel to/from work/study,4.6,3.06,-1.5399999999999996
From 14:20 to 14:29,Travel to/from work/study,4.0,2.52,-1.48
From 14:30 to 14:39,Travel to/from work/study,3.6,3.62,0.020000000000000018
From 14:40 to 14:49,Travel to/from work/study,3.0,3.5999999999999996,0.5999999999999996
From 14:50 to 14:59,Travel to/from work/study,2.9,2.44,-0.45999999999999996
From 15:00 to 15:09,Travel to/from work/study,6.2,7.049999999999999,0.8499999999999988
From 15:10 to 15:19,Travel to/from work/study,5.9,4.71,-1.1900000000000004
From 15:20 to 15:29,Travel to/from work/study,4.8,3.53,-1.27
From 15:30 to 15:39,Travel to/from work/study,4.8,4.25,-0.5499999999999998
From 15:40 to 15:49,Travel to/from work/study,3.9,3.34,-0.56
From 15:50 to 15:59,Travel to/from work/study,3.3,2.7,-0.5999999999999996
From 16:00 to 16:09,Travel to/from work/study,5.8,4.05,-1.75
From 16:10 to 16:19,Travel to/from work/study,5.3,4.41,-0.8899999999999997
From 16:20 to 16:29,Travel to/from work/study,4.2,2.54,-1.6600000000000001
From 16:30 to 16:39,Travel to/from work/study,3.5,3.88,0.3799999999999999
From 16:40 to 16:49,Travel to/from work/study,2.9,2.88,-0.020000000000000018
From 16:50 to 16:59,Travel to/from work/study,2.7,2.55,-0.15000000000000036
From 17:00 to 17:09,Travel to/from work/study,3.8,3.9899999999999998,0.18999999999999995
From 17:10 to 17:19,Travel to/from work/study,3.5,3.25,-0.25
From 17:20 to 17:29,Travel to/from work/study,2.9,2.27,-0.6299999999999999
From 17:30 to 17:39,Travel to/from work/study,2.5,2.35,-0.1499999999999999
From 17:40 to 17:49,Travel to/from work/study,2.2,2.6100000000000003,0.41000000000000014
From 17:50 to 17:59,Travel to/from work/study,2.1,2.7199999999999998,0.6199999999999997
From 18:00 to 18:09,Travel to/from work/study,3.4,2.81,-0.5899999999999999
From 18:10 to 18:19,Travel to/from work/study,2.9,2.0,-0.8999999999999999
From 18:20 to 18:29,Travel to/from work/study,2.3,2.08,-0.21999999999999975
From 18:30 to 18:39,Travel to/from work/study,1.9,3.0700000000000003,1.1700000000000004
From 18:40 to 18:49,Travel to/from work/study,1.6,1.35,-0.25
From 18:50 to 18:59,Travel to/from work/study,1.3,1.26,-0.040000000000000036
From 19:00 to 19:09,Travel to/from work/study,1.8,1.08,-0.72
From 19:10 to 19:19,Travel to/from work/study,1.5,1.6199999999999999,0.11999999999999988
From 19:20 to 19:29,Travel to/from work/study,1.2,0.8099999999999999,-0.39
From 19:30 to 19:39,Travel to/from work/study,1.0,1.26,0.26
From 19:40 to 19:49,Travel to/from work/study,0.9,1.08,0.18000000000000005
From 19:50 to 19:59,Travel to/from work/study,0.9,1.09,0.19000000000000006
From 20:00 to 20:09,Travel to/from work/study,1.1,0.9900000000000001,-0.10999999999999999
From 20:10 to 20:19,Travel to/from work/study,0.9,0.73,-0.17000000000000004
From 20:20 to 20:29,Travel to/from work/study,0.8,0.54,-0.26
From 20:30 to 20:39,Travel to/from work/study,0.6,0.8999999999999999,0.29999999999999993
From 20:40 to 20:49,Travel to/from work/study,0.6,0.1,-0.5
From 20:50 to 20:59,Travel to/from work/study,0.6,0.44999999999999996,-0.15000000000000002
From 21:00 to 21:09,Travel to/from work/study,0.9,0.36,-0.54
From 21:10 to 21:19,Travel to/from work/study,0.9,0.44999999999999996,-0.45000000000000007
From 21:20 to 21:29,Travel to/from work/study,0.9,0.9900000000000001,0.09000000000000008
From 21:30 to 21:39,Travel to/from work/study,0.9,1.0,0.09999999999999998
From 21:40 to 21:49,Travel to/from work/study,0.7,0.54,-0.15999999999999992
From 21:50 to 21:59,Travel to/from work/study,0.6,0.44999999999999996,-0.15000000000000002
From 22:00 to 22:09,Travel to/from work/study,1.3,0.36,-0.9400000000000001
From 22:10 to 22:19,Travel to/from work/study,1.4,1.4500000000000002,0.050000000000000266
From 22:20 to 22:29,Travel to/from work/study,1.2,0.9900000000000001,-0.20999999999999985
From 22:30 to 22:39,Travel to/from work/study,0.8,0.72,-0.08000000000000007
From 22:40 to 22:49,Travel to/from work/study,0.6,0.36,-0.24
From 22:50 to 22:59,Travel to/from work/study,0.5,0.36,-0.14
From 23:00 to 23:09,Travel to/from work/study,0.6,0.27,-0.32999999999999996
From 23:10 to 23:19,Travel to/from work/study,0.5,0.27,-0.22999999999999998
From 23:20 to 23:29,Travel to/from work/study,0.3,0.44999999999999996,0.14999999999999997
From 23:30 to 23:39,Travel to/from work/study,0.2,0.27,0.07
From 23:40 to 23:49,Travel to/from work/study,0.2,0.0,-0.2
From 23:50 to 23:59,Travel to/from work/study,0.1,0.0,-0.1
Total (24 hours),Unspecified time use and travel,0.2,0.0,-0.2
From 00:00 to 00:09,Unspecified time use and travel,0.1,0.09,-0.010000000000000009
From 00:10 to 00:19,Unspecified time use and travel,0.1,0.27,0.17
From 00:20 to 00:29,Unspecified time use and travel,0.0,0.0,0.0
From 00:30 to 00:39,Unspecified time use and travel,0.1,0.18,0.07999999999999999
From 00:40 to 00:49,Unspecified time use and travel,0.1,0.0,-0.1
From 00:50 to 00:59,Unspecified time use and travel,0.1,0.27,0.17
From 01:00 to 01:09,Unspecified time use and travel,0.0,0.0,0.0
From 01:10 to 01:19,Unspecified time use and travel,0.0,0.0,0.0
From 01:20 to 01:29,Unspecified time use and travel,0.0,0.0,0.0
From 01:30 to 01:39,Unspecified time use and travel,0.0,0.0,0.0
From 01:40 to 01:49,Unspecified time use and travel,0.0,0.0,0.0
From 01:50 to 01:59,Unspecified time use and travel,0.0,0.0,0.0
From 02:00 to 02:09,Unspecified time use and travel,0.0,0.0,0.0
From 02:10 to 02:19,Unspecified time use and travel,0.0,0.0,0.0
From 02:20 to 02:29,Unspecified time use and travel,0.0,0.0,0.0
From 02:30 to 02:39,Unspecified time use and travel,0.0,0.0,0.0
From 02:40 to 02:49,Unspecified time use and travel,0.0,0.0,0.0
From 02:50 to 02:59,Unspecified time use and travel,0.0,0.0,0.0
From 03:00 to 03:09,Unspecified time use and travel,0.0,0.0,0.0
From 03:10 to 03:19,Unspecified time use and travel,0.0,0.0,0.0
From 03:20 to 03:29,Unspecified time use and travel,0.0,0.0,0.0
From 03:30 to 03:39,Unspecified time use and travel,0.0,0.0,0.0
From 03:40 to 03:49,Unspecified time use and travel,0.0,0.0,0.0
From 03:50 to 03:59,Unspecified time use and travel,0.0,0.0,0.0
From 04:00 to 04:09,Unspecified time use and travel,0.0,0.0,0.0
From 04:10 to 04:19,Unspecified time use and travel,0.0,0.0,0.0
From 04:20 to 04:29,Unspecified time use and travel,0.0,0.0,0.0
From 04:30 to 04:39,Unspecified time use and travel,0.0,0.0,0.0
From 04:40 to 04:49,Unspecified time use and travel,0.0,0.0,0.0
From 04:50 to 04:59,Unspecified time use and travel,0.0,0.0,0.0
From 05:00 to 05:09,Unspecified time use and travel,0.0,0.0,0.0
From 05:10 to 05:19,Unspecified time use and travel,0.0,0.0,0.0
From 05:20 to 05:29,Unspecified time use and travel,0.0,0.0,0.0
From 05:30 to 05:39,Unspecified time use and travel,0.0,0.0,0.0
From 05:40 to 05:49,Unspecified time use and travel,0.0,0.0,0.0
From 05:50 to 05:59,Unspecified time use and travel,0.0,0.0,0.0
From 06:00 to 06:09,Unspecified time use and travel,0.0,0.0,0.0
From 06:10 to 06:19,Unspecified time use and travel,0.0,0.0,0.0
From 06:20 to 06:29,Unspecified time use and travel,0.0,0.0,0.0
From 06:30 to 06:39,Unspecified time use and travel,0.0,0.0,0.0
From 06:40 to 06:49,Unspecified time use and travel,0.0,0.0,0.0
From 06:50 to 06:59,Unspecified time use and travel,0.0,0.0,0.0
From 07:00 to 07:09,Unspecified time use and travel,0.0,0.0,0.0
From 07:10 to 07:19,Unspecified time use and travel,0.0,0.0,0.0
From 07:20 to 07:29,Unspecified time use and travel,0.0,0.0,0.0
From 07:30 to 07:39,Unspecified time use and travel,0.0,0.0,0.0
From 07:40 to 07:49,Unspecified time use and travel,0.1,0.0,-0.1
From 07:50 to 07:59,Unspecified time use and travel,0.1,0.27,0.17
From 08:00 to 08:09,Unspecified time use and travel,0.0,0.0,0.0
From 08:10 to 08:19,Unspecified time use and travel,0.0,0.0,0.0
From 08:20 to 08:29,Unspecified time use and travel,0.0,0.0,0.0
From 08:30 to 08:39,Unspecified time use and travel,0.0,0.0,0.0
From 08:40 to 08:49,Unspecified time use and travel,0.0,0.0,0.0
From 08:50 to 08:59,Unspecified time use and travel,0.1,0.0,-0.1
From 09:00 to 09:09,Unspecified time use and travel,0.1,0.0,-0.1
From 09:10 to 09:19,Unspecified time use and travel,0.1,0.18,0.07999999999999999
From 09:20 to 09:29,Unspecified time use and travel,0.1,0.09,-0.010000000000000009
From 09:30 to 09:39,Unspecified time use and travel,0.1,0.0,-0.1
From 09:40 to 09:49,Unspecified time use and travel,0.1,0.09,-0.010000000000000009
From 09:50 to 09:59,Unspecified time use and travel,0.1,0.09,-0.010000000000000009
From 10:00 to 10:09,Unspecified time use and travel,0.1,0.0,-0.1
From 10:10 to 10:19,Unspecified time use and travel,0.1,0.18,0.07999999999999999
From 10:20 to 10:29,Unspecified time use and travel,0.1,0.09,-0.010000000000000009
From 10:30 to 10:39,Unspecified time use and travel,0.1,0.09,-0.010000000000000009
From 10:40 to 10:49,Unspecified time use and travel,0.1,0.0,-0.1
From 10:50 to 10:59,Unspecified time use and travel,0.1,0.09,-0.010000000000000009
From 11:00 to 11:09,Unspecified time use and travel,0.1,0.0,-0.1
From 11:10 to 11:19,Unspecified time use and travel,0.1,0.0,-0.1
From 11:20 to 11:29,Unspecified time use and travel,0.1,0.18,0.07999999999999999
From 11:30 to 11:39,Unspecified time use and travel,0.1,0.18,0.07999999999999999
From 11:40 to 11:49,Unspecified time use and travel,0.1,0.09,-0.010000000000000009
From 11:50 to 11:59,Unspecified time use and travel,0.2,0.0,-0.2
From 12:00 to 12:09,Unspecified time use and travel,0.2,0.18,-0.020000000000000018
From 12:10 to 12:19,Unspecified time use and travel,0.1,0.18,0.07999999999999999
From 12:20 to 12:29,Unspecified time use and travel,0.2,0.18,-0.020000000000000018
From 12:30 to 12:39,Unspecified time use and travel,0.1,0.09,-0.010000000000000009
From 12:40 to 12:49,Unspecified time use and travel,0.2,0.19,-0.010000000000000009
From 12:50 to 12:59,Unspecified time use and travel,0.2,0.44999999999999996,0.24999999999999994
From 13:00 to 13:09,Unspecified time use and travel,0.2,0.18,-0.020000000000000018
From 13:10 to 13:19,Unspecified time use and travel,0.2,0.18,-0.020000000000000018
From 13:20 to 13:29,Unspecified time use and travel,0.2,0.09,-0.11000000000000001
From 13:30 to 13:39,Unspecified time use and travel,0.1,0.09,-0.010000000000000009
From 13:40 to 13:49,Unspecified time use and travel,0.1,0.09,-0.010000000000000009
From 13:50 to 13:59,Unspecified time use and travel,0.2,0.09,-0.11000000000000001
From 14:00 to 14:09,Unspecified time use and travel,0.2,0.18,-0.020000000000000018
From 14:10 to 14:19,Unspecified time use and travel,0.2,0.44999999999999996,0.24999999999999994
From 14:20 to 14:29,Unspecified time use and travel,0.2,0.18,-0.020000000000000018
From 14:30 to 14:39,Unspecified time use and travel,0.2,0.18,-0.020000000000000018
From 14:40 to 14:49,Unspecified time use and travel,0.2,0.18,-0.020000000000000018
From 14:50 to 14:59,Unspecified time use and travel,0.2,0.09,-0.11000000000000001
From 15:00 to 15:09,Unspecified time use and travel,0.2,0.09,-0.11000000000000001
From 15:10 to 15:19,Unspecified time use and travel,0.2,0.0,-0.2
From 15:20 to 15:29,Unspecified time use and travel,0.1,0.0,-0.1
From 15:30 to 15:39,Unspecified time use and travel,0.2,0.0,-0.2
From 15:40 to 15:49,Unspecified time use and travel,0.2,0.09,-0.11000000000000001
From 15:50 to 15:59,Unspecified time use and travel,0.2,0.27,0.07
From 16:00 to 16:09,Unspecified time use and travel,0.2,0.18,-0.020000000000000018
From 16:10 to 16:19,Unspecified time use and travel,0.2,0.09,-0.11000000000000001
From 16:20 to 16:29,Unspecified time use and travel,0.1,0.18,0.07999999999999999
From 16:30 to 16:39,Unspecified time use and travel,0.2,0.27,0.07
From 16:40 to 16:49,Unspecified time use and travel,0.2,0.27,0.07
From 16:50 to 16:59,Unspecified time use and travel,0.2,0.36,0.15999999999999998
From 17:00 to 17:09,Unspecified time use and travel,0.2,0.18,-0.020000000000000018
From 17:10 to 17:19,Unspecified time use and travel,0.2,0.09,-0.11000000000000001
From 17:20 to 17:29,Unspecified time use and travel,0.2,0.18,-0.020000000000000018
From 17:30 to 17:39,Unspecified time use and travel,0.2,0.18,-0.020000000000000018
From 17:40 to 17:49,Unspecified time use and travel,0.2,0.18,-0.020000000000000018
From 17:50 to 17:59,Unspecified time use and travel,0.2,0.18,-0.020000000000000018
From 18:00 to 18:09,Unspecified time use and travel,0.2,0.09,-0.11000000000000001
From 18:10 to 18:19,Unspecified time use and travel,0.2,0.09,-0.11000000000000001
From 18:20 to 18:29,Unspecified time use and travel,0.2,0.09,-0.11000000000000001
From 18:30 to 18:39,Unspecified time use and travel,0.2,0.36,0.15999999999999998
From 18:40 to 18:49,Unspecified time use and travel,0.2,0.09,-0.11000000000000001
From 18:50 to 18:59,Unspecified time use and travel,0.2,0.18,-0.020000000000000018
From 19:00 to 19:09,Unspecified time use and travel,0.2,0.18,-0.020000000000000018
From 19:10 to 19:19,Unspecified time use and travel,0.2,0.0,-0.2
From 19:20 to 19:29,Unspecified time use and travel,0.2,0.18,-0.020000000000000018
From 19:30 to 19:39,Unspecified time use and travel,0.3,0.27,-0.02999999999999997
From 19:40 to 19:49,Unspecified time use and travel,0.3,0.36,0.06
From 19:50 to 19:59,Unspecified time use and travel,0.4,0.44999999999999996,0.04999999999999993
From 20:00 to 20:09,Unspecified time use and travel,0.5,0.36,-0.14
From 20:10 to 20:19,Unspecified time use and travel,0.5,0.64,0.14
From 20:20 to 20:29,Unspecified time use and travel,0.5,0.72,0.21999999999999997
From 20:30 to 20:39,Unspecified time use and travel,0.5,0.44999999999999996,-0.050000000000000044
From 20:40 to 20:49,Unspecified time use and travel,0.6,0.54,-0.05999999999999994
From 20:50 to 20:59,Unspecified time use and travel,0.7,0.18,-0.52
From 21:00 to 21:09,Unspecified time use and travel,0.7,0.18,-0.52
From 21:10 to 21:19,Unspecified time use and travel,0.9,0.8999999999999999,-1.1102230246251565e-16
From 21:20 to 21:29,Unspecified time use and travel,0.9,0.9900000000000001,0.09000000000000008
From 21:30 to 21:39,Unspecified time use and travel,1.1,1.26,0.15999999999999992
From 21:40 to 21:49,Unspecified time use and travel,1.4,1.35,-0.04999999999999982
From 21:50 to 21:59,Unspecified time use and travel,1.4,1.17,-0.22999999999999998
From 22:00 to 22:09,Unspecified time use and travel,1.1,0.63,-0.4700000000000001
From 22:10 to 22:19,Unspecified time use and travel,1.1,0.9900000000000001,-0.10999999999999999
From 22:20 to 22:29,Unspecified time use and travel,1.1,1.17,0.06999999999999984
From 22:30 to 22:39,Unspecified time use and travel,0.9,0.63,-0.27
From 22:40 to 22:49,Unspecified time use and travel,0.9,0.8999999999999999,-1.1102230246251565e-16
From 22:50 to 22:59,Unspecified time use and travel,0.9,0.8099999999999999,-0.09000000000000008
From 23:00 to 23:09,Unspecified time use and travel,0.5,0.18,-0.32
From 23:10 to 23:19,Unspecified time use and travel,0.4,0.09,-0.31000000000000005
From 23:20 to 23:29,Unspecified time use and travel,0.4,0.18,-0.22000000000000003
From 23:30 to 23:39,Unspecified time use and travel,0.3,0.09,-0.21
From 23:40 to 23:49,Unspecified time use and travel,0.4,0.27,-0.13
From 23:50 to 23:59,Unspecified time use and travel,0.3,0.36,0.06
